Price,Close,High,Low,Open,Volume
Ticker,CRAFTSMAN.NS,CRAFTSMAN.NS,CRAFTSMAN.NS,CRAFTSMAN.NS,CRAFTSMAN.NS
Date,,,,,
2021-03-25,1424.477783203125,1478.456347915702,1339.5409863665757,1348.4712596090196,3479695
2021-03-26,1482.92138671875,1518.1463510737287,1417.2343185404225,1418.9210993695633,1002138
2021-03-30,1475.033203125,1498.3014789677427,1424.3786576544337,1489.371205252041,170135
2021-03-31,1408.4530029296875,1478.307615070432,1399.026602571728,1464.664140868122,146087
2021-04-01,1437.8236083984375,1464.5647662152046,1414.0590871120003,1414.0590871120003,67232
2021-04-05,1413.9102783203125,1448.6391189371448,1410.9831816324415,1423.8824652901221,37221
2021-04-06,1443.9755859375,1458.611311683989,1411.0328483003211,1418.9212079646968,71043
2021-04-07,1443.7772216796875,1477.4144885630437,1432.4655175985313,1447.6965710747775,62183
2021-04-08,1445.067138671875,1470.4687825694257,1438.7663584992279,1452.657895753703,62787
2021-04-09,1433.606689453125,1465.5571766070436,1430.2825461474706,1449.681134071016,32379
2021-04-12,1355.4169921875,1418.9211558038983,1340.6324048706415,1411.9753879083548,76484
2021-04-13,1357.7984619140625,1377.1969272814222,1350.604630670825,1361.3705469961328,36743
2021-04-15,1331.4046630859375,1370.15205665171,1326.344077637565,1360.4280532917103,38327
2021-04-16,1327.9317626953125,1366.3318915908399,1324.6572805183523,1366.3318915908399,31669
2021-04-19,1286.05859375,1309.773455541155,1284.9671400952998,1303.8199398341499,32114
2021-04-20,1284.8182373046875,1329.320741580835,1276.036826139762,1294.9888263155215,52698
2021-04-22,1263.3359375,1322.6726902852085,1235.3544631696059,1280.0058293082664,194559
2021-04-23,1274.151611328125,1304.812242623045,1265.1221363835607,1288.9362001272514,58253
2021-04-26,1290.4244384765625,1305.8043529682093,1275.0445239849157,1280.0057867241567,86599
2021-04-27,1294.8895263671875,1303.7205979366754,1282.4863699843602,1298.6601343573966,83136
2021-04-28,1348.5704345703125,1354.4247489187603,1296.8741002467543,1296.8741002467543,68163
2021-04-29,1347.6278076171875,1367.0759331213067,1328.923871515965,1352.6882713319699,32211
2021-04-30,1335.1751708984375,1356.5582644247527,1326.195356893745,1339.5411068791104,28684
2021-05-03,1283.577880859375,1335.1254737638142,1281.7422378576318,1334.728548516918,56238
2021-05-04,1320.8370361328125,1329.6184471746842,1286.0585350162091,1296.8741122815763,44843
2021-05-05,1367.5223388671875,1389.15349168758,1288.9359897872619,1324.6570795735138,72070
2021-05-06,1395.305419921875,1417.928825418266,1355.5657798898299,1413.959815410097,106027
2021-05-07,1474.189697265625,1487.3867058137416,1395.1072103896736,1409.7925978962428,200337
2021-05-10,1523.603759765625,1537.9914214501587,1479.9943095233687,1505.24708796122,334749
2021-05-11,1487.98193359375,1523.1076988874718,1480.7881024426529,1507.2316577264298,151515
2021-05-12,1513.5323486328125,1561.8054576838515,1485.0050888434791,1487.386519102982,140050
2021-05-14,1520.3790283203125,1535.014753996752,1491.3556401144915,1514.2271107231002,148091
2021-05-17,1508.3231201171875,1535.213140765418,1501.278151035855,1535.014738699582,252416
2021-05-18,1498.797607421875,1537.9915865633277,1490.115396852566,1518.1465338334783,110954
2021-05-19,1480.2921142578125,1510.1588952534794,1468.8812086087516,1498.7976506875125,58784
2021-05-20,1472.9990234375,1498.3014654029134,1466.6485824055767,1478.4564128810207,59743
2021-05-21,1465.01123046875,1503.2626147594915,1448.6887244546915,1480.440806086575,98710
2021-05-24,1482.5245361328125,1490.5122177470112,1459.1073997764809,1468.5337991630001,35914
2021-05-25,1580.658447265625,1592.9127430807139,1488.3789522275188,1488.3789522275188,358890
2021-05-26,1617.5205078125,1635.232191486881,1561.359038082223,1596.5343422951405,122685
2021-05-27,1619.9515380859375,1637.1175561719201,1586.611875618679,1627.2942314037734,73263
2021-05-28,1627.1949462890625,1671.9455111153657,1572.7202582301807,1625.3096422593287,141693
2021-05-31,1693.7255859375,1724.535078687243,1611.02135308038,1630.2710784137746,177334
2021-06-01,1735.6480712890625,1764.2249925084334,1640.5903519040173,1687.8215479509815,195257
2021-06-02,1763.8778076171875,1780.1011129332178,1711.6356855127094,1727.809450874923,114030
2021-06-03,1770.5257568359375,1786.0545329725303,1746.3644322398075,1772.1629977160774,77069
2021-06-04,1778.0174560546875,1793.6949744413296,1756.287099915561,1772.1631414967187,108480
2021-06-07,1794.1910400390625,1820.1384688453218,1757.5770172809237,1781.093354627567,95360
2021-06-08,1786.5010986328125,1820.7834735186505,1775.1398551089185,1817.8067157962766,51294
2021-06-09,1790.370849609375,1840.5292640482458,1777.1243024009834,1795.977100695578,103394
2021-06-10,1804.1136474609375,1820.783539762549,1790.8175593835938,1820.783539762549,25675
2021-06-11,1783.2762451171875,1820.1881128735583,1771.1708123843364,1812.7957586569264,42589
2021-06-14,1772.609619140625,1784.0701851871845,1704.838838840802,1783.0779325814076,36421
2021-06-15,1756.0887451171875,1791.065650167207,1747.3568735626666,1774.1476944520432,24666
2021-06-16,1724.584716796875,1775.9337899460704,1707.6667611548896,1756.0887375212606,26931
2021-06-17,1708.8572998046875,1723.6915481596145,1687.8215941127262,1687.8215941127262,30921
2021-06-18,1687.27587890625,1719.4745483305112,1671.945624743451,1709.6512234023537,31823
2021-06-21,1712.52880859375,1741.4033354002559,1635.728432140924,1662.0231263791616,32329
2021-06-22,1726.9659423828125,1739.3195595925188,1702.7550764991079,1736.4420029056446,11448
2021-06-23,1775.933837890625,1786.054766450676,1715.9520926425687,1727.5118602170148,38530
2021-06-24,1751.0279541015625,1800.9383037517857,1742.4946067494716,1775.9335889759707,20436
2021-06-25,1729.4962158203125,1779.8033722712778,1719.5736901988535,1741.4032465660634,17519
2021-06-28,1741.4033203125,1758.5693388144175,1707.1706054687502,1719.5737630208334,17786
2021-06-29,1780.001953125,1786.0546697252632,1735.0528621537471,1761.248354867968,39508
2021-06-30,1761.6453857421875,1801.037767647333,1746.612733812534,1786.0547768002052,42826
2021-07-01,1771.1212158203125,1784.0204995176216,1747.7040788716529,1766.2096139392477,10393
2021-07-02,1839.63623046875,1899.1713835583535,1773.0561084884591,1780.1010773791463,113903
2021-07-05,2035.606201171875,2077.7769365117747,1879.8225435633035,1908.101742555942,269344
2021-07-06,1976.2198486328125,2072.815611773201,1964.6600820061933,2042.8992937877713,80696
2021-07-07,1971.5067138671875,2052.772225978612,1962.6756415080836,1984.5051986937144,40613
2021-07-08,1986.1424560546875,2038.0868558331117,1974.582688952236,1984.5052150273727,46734
2021-07-09,1996.80908203125,2067.904002396011,1986.489631151004,2003.3579247222165,95340
2021-07-12,2118.905517578125,2156.1646467858027,2015.2647941196344,2018.936079858995,288304
2021-07-13,2077.727294921875,2159.141669656314,2058.924156496715,2141.727587979243,62038
2021-07-14,2110.124267578125,2133.3428792244445,2058.92394157708,2058.92394157708,76582
2021-07-15,2025.1378173828125,2081.7458744784967,2002.9609968533937,2081.7458744784967,159703
2021-07-16,2085.91357421875,2132.3510489557593,2029.6528946668245,2039.0792953020407,242498
2021-07-19,2070.0869140625,2128.4810744217584,2055.5505108825882,2083.730386833433,100484
2021-07-20,2049.646240234375,2093.851136707499,1985.993340485447,2089.38600054353,50870
2021-07-22,2031.2403564453125,2082.787953801723,2024.1953869216309,2068.549031508754,41071
2021-07-23,2016.8031005859375,2065.473139789887,2009.3115448946437,2009.3115448946437,27534
2021-07-26,1978.3035888671875,2031.6371652441712,1962.6756106730015,2023.2030182822296,69080
2021-07-27,1968.083251953125,2004.3501307388497,1964.6600291400605,1980.536069779576,35374
2021-07-28,1957.664794921875,2003.3580773803108,1928.9391294835682,2003.3580773803108,24041
2021-07-29,1972.6971435546875,2009.311284519739,1938.5636338050922,1959.6986602106097,35322
2021-07-30,1987.9781494140625,2004.3503178519622,1977.5594967717627,1984.5052651999627,15554
2021-08-02,2046.32275390625,2057.3862744074563,1984.50536338691,2003.3581643390855,41373
2021-08-03,2009.8572998046875,2047.5628985563767,1985.4974500560647,2046.322582807966,34029
2021-08-04,1973.83837890625,2035.2587146592439,1963.7174513777763,1986.7376620158548,28453
2021-08-05,1940.54833984375,1987.6307978662173,1934.8925485363236,1978.4524614180323,131996
2021-08-06,1981.974853515625,1994.3780106782915,1941.838285387069,1941.838285387069,15742
2021-08-09,1986.291259765625,2004.1518061756979,1935.4383151258335,2004.1518061756979,26466
2021-08-10,1916.58544921875,1999.339214463028,1880.3185702969643,1999.2896745105902,26096
2021-08-11,1973.5904541015625,1994.4277590468278,1899.3203699858555,1916.58558973685,47617
2021-08-12,1965.30517578125,2034.1178707446957,1936.8771139969006,1973.5904609322927,15046
2021-08-13,1983.314453125,2037.0944930949172,1962.6755515546743,1994.4276332785112,31276
2021-08-16,1950.4708251953125,2023.2029869066746,1937.025875568646,2023.2029869066746,13959
2021-08-17,1946.501953125,1974.5827512534654,1944.8151720888404,1974.5827512534654,7535
2021-08-18,1932.6102294921875,1974.5825605096356,1905.124882501759,1974.5825605096356,18813
2021-08-20,1905.8194580078125,1925.3669062629306,1888.2566360123383,1890.786928509376,32866
2021-08-23,1848.5169677734375,1919.6118921365216,1824.5541639287007,1916.0398069337014,30427
2021-08-24,1864.3929443359375,1885.1310475673326,1845.540145239139,1845.5898063181744,8825
2021-08-25,1904.1824951171875,1914.00569944573,1866.5760954832426,1872.628812419144,10543
2021-08-26,1907.704833984375,1929.9313165593849,1890.2412123627907,1890.2412123627907,7926
2021-08-27,1921.9932861328125,1936.8770751322922,1905.3730550833936,1907.7048244683951,29312
2021-08-30,1936.8272705078125,1950.8676679816585,1920.8520290572658,1936.8769315839643,9939
2021-08-31,1915.0972900390625,1951.7609772834937,1820.5852244131079,1947.3950413656178,11489
2021-09-01,1930.3282470703125,1964.4617609970296,1904.6288803082844,1910.582395953947,24885
2021-09-02,2022.31005859375,2083.730520543252,1965.7516587504333,1965.7516587504333,70108
2021-09-03,1967.6865234375,2048.902251604927,1957.0693481771536,2048.902251604927,33695
2021-09-06,1968.2320556640625,2001.7205778944783,1960.343696655172,1982.768579168254,20081
2021-09-07,1970.216796875,2009.3115747015177,1944.8151537851727,1978.5517431875685,13379
2021-09-08,1961.981201171875,1994.427814176553,1937.9190745580536,1964.6602348604852,9053
2021-09-09,1962.8245849609375,1977.2122482476814,1951.7609437948338,1959.6989649185546,9929
2021-09-13,1956.275634765625,1968.4307289465326,1934.9422041623993,1949.7763318762043,9908
2021-09-14,1951.2149658203125,1974.582561670821,1946.0056399666582,1970.2166262542714,9061
2021-09-15,1950.0244140625,2003.3579910913052,1925.615024428652,1961.6833820641457,22727
2021-09-16,1959.6988525390625,1974.5826412925237,1947.841482615305,1954.737589621242,9419
2021-09-17,1962.7747802734375,1976.5671151917095,1939.8537701806185,1976.5671151917095,28051
2021-09-20,1945.013427734375,1998.3966641337583,1943.2769857471683,1969.621339774335,19835
2021-09-21,1949.13134765625,1974.5329896925177,1914.0552428837887,1925.962273943719,12374
2021-09-22,1954.8865966796875,1966.8928296061042,1946.799713299118,1966.8928296061042,5994
2021-09-23,2123.8173828125,2138.30436777225,1947.643005140169,1983.5129611028897,199435
2021-09-24,2099.656005859375,2224.630163045391,2086.756723022805,2161.1260013884303,194785
2021-09-27,2105.6591796875,2124.511977657892,2066.4155438835114,2113.4482166573553,30369
2021-09-28,2104.567626953125,2125.4049301902846,2081.5970776651557,2118.4591624445648,27090
2021-09-29,2105.460693359375,2143.2656142888604,2074.948925933735,2104.5181018399617,20996
2021-09-30,2093.405029296875,2109.2810717041507,2086.7073239063056,2088.691829207215,10208
2021-10-01,2090.477783203125,2108.437409544833,2033.6216619407974,2073.807891415597,19447
2021-10-04,2094.744384765625,2125.9506779639332,2056.592081701729,2113.398538279024,21799
2021-10-05,2161.4736328125,2202.8008583223445,2087.0050238144245,2098.6143312395307,49575
2021-10-06,2223.3896484375,2309.963673574696,2177.8947772966967,2187.71822177349,153065
2021-10-07,2187.3212890625,2272.803986308483,2165.938441731582,2257.5728137081737,29289
2021-10-08,2166.236083984375,2302.0259440033765,2155.0238238323077,2204.73553184254,17787
2021-10-11,2235.5947265625,2281.089362061835,2215.1045654108543,2216.6922664404688,37983
2021-10-12,2249.486328125,2270.8197592416564,2218.875238204454,2240.5063935539683,20010
2021-10-13,2407.8994140625,2520.3216857383823,2263.0801908455965,2267.2972645323634,207267
2021-10-14,2367.31591796875,2455.824787098389,2352.729855561871,2411.173427332964,34622
2021-10-18,2511.73876953125,2550.0892364403026,2393.561385448685,2419.1118904441473,133460
2021-10-19,2530.14501953125,2689.004770982317,2490.7526364652217,2674.1209807370274,127654
2021-10-20,2500.82373046875,2657.2522430210183,2406.3116781357585,2535.2051833154223,85608
2021-10-21,2448.234619140625,2512.3836546554385,2428.4389854082756,2512.3836546554385,30670
2021-10-22,2391.179931640625,2469.518222901895,2381.4061470125966,2455.8250891067405,22584
2021-10-25,2479.88720703125,2486.7336527857883,2326.8322498702737,2396.289928970879,62453
2021-10-26,2585.512451171875,2609.624236867287,2442.4793413246116,2498.3926278182607,62615
2021-10-27,2557.977294921875,2659.2863725070592,2530.2438858774785,2585.8100261163568,29336
2021-10-28,2548.1044921875,2577.872068030812,2515.5088997394128,2569.934047805929,16068
2021-10-29,2608.532470703125,2661.221174753951,2485.592484250055,2554.0579059719125,46497
2021-11-01,2632.1484375,2756.4777373878087,2608.5327770451872,2679.0820341782155,51725
2021-11-02,2599.751220703125,2667.174729878002,2580.9975030341825,2651.546752945123,22609
2021-11-03,2585.016357421875,2654.275635539236,2569.9341667464005,2609.624269707735,19109
2021-11-04,2584.56982421875,2603.6706857663885,2570.9760127619506,2589.7791500953786,6396
2021-11-08,2546.020751953125,2643.3608251856385,2496.4577849307266,2607.887796093902,33401
2021-11-09,2581.989990234375,2604.66305890393,2525.282851394477,2577.8722388694896,37587
2021-11-10,2557.183837890625,2570.380846677544,2525.1836897048433,2526.3249256098156,8216
2021-11-11,2468.625,2573.406965235449,2455.8250391200063,2568.197639394891,14357
2021-11-12,2432.507080078125,2497.102816754693,2401.251125347364,2468.6249753117877,24386
2021-11-15,2425.46240234375,2465.2518325029846,2384.432898559035,2465.2518325029846,18152
2021-11-16,2395.9921875,2446.547406545776,2374.4603555836943,2426.5039534566226,18873
2021-11-17,2419.459228515625,2453.443880127513,2381.4062443366606,2391.3287703547303,11597
2021-11-18,2328.02294921875,2441.288726306322,2305.994990444884,2419.459169598152,16497
2021-11-22,2208.45654296875,2347.917693060261,2183.947952424991,2321.920723630252,29222
2021-11-23,2328.717529296875,2359.3286188967704,2163.110667309414,2163.110667309414,35204
2021-11-24,2389.49267578125,2421.0960136791346,2327.8242820046103,2421.0960136791346,14734
2021-11-25,2405.56787109375,2426.057791946094,2342.9069692774083,2342.9069692774083,13301
2021-11-26,2262.037841796875,2392.3206357787412,2230.5834878600626,2392.3206357787412,13830
2021-11-29,2214.608642578125,2230.385605418429,2113.498192162603,2213.269246819929,15113
2021-11-30,2254.44775390625,2358.5846244008235,2214.956048724753,2214.956048724753,16430
2021-12-01,2247.600830078125,2305.6972669678185,2215.948069740702,2305.6972669678185,9900
2021-12-02,2266.652099609375,2286.5962295480285,2250.4286743036914,2281.1885018625157,5021
2021-12-03,2280.1962890625,2329.164047783411,2257.3744811214915,2282.081471949271,20626
2021-12-06,2247.055419921875,2280.196561116764,2242.4909608894195,2280.196561116764,3865
2021-12-07,2226.36669921875,2283.8676870785453,2212.227100126219,2268.8848186527985,14453
2021-12-08,2227.01171875,2277.2197990179984,2220.66139878095,2247.452219945868,12818
2021-12-09,2230.1376953125,2277.2200393983685,2223.6880524993894,2272.2587756959756,11695
2021-12-10,2214.26123046875,2261.839691878795,2208.4564561409265,2222.6457160818163,52215
2021-12-13,2204.834716796875,2243.979029484865,2183.0548228645716,2217.684338226254,5332
2021-12-14,2208.357177734375,2313.8830817858516,2183.054739937248,2183.054739937248,24071
2021-12-15,2205.529541015625,2289.573290619562,2197.8395831063367,2204.7853515405327,14722
2021-12-16,2182.558837890625,2235.594689016155,2168.964783956919,2230.831828256468,7738
2021-12-17,2179.036376953125,2200.816273135994,2163.110674227442,2200.816273135994,5235
2021-12-20,2095.637451171875,2180.2269837061563,2059.172168818387,2140.288817319003,14500
2021-12-21,2108.33837890625,2145.002064130345,2075.04825563205,2103.575517962915,8020
2021-12-22,2151.203369140625,2157.4546081926605,2113.497775032072,2133.2435024155793,5569
2021-12-23,2211.58203125,2222.645549473841,2150.0623776484917,2151.2033710978963,10022
2021-12-24,2256.779296875,2293.740707540717,2182.9557977067698,2247.352896839448,27006
2021-12-27,2228.00390625,2257.374680308852,2194.5650418530613,2239.7125354592386,7761
2021-12-28,2228.103271484375,2261.6414586900205,2223.1420083548173,2257.225982954549,5771
2021-12-29,2258.66455078125,2310.906551165665,2238.7698385033877,2257.1761719412475,17326
2021-12-30,2249.783935546875,2278.3111966054266,2243.4830349003655,2255.142002463426,4692
2021-12-31,2243.43359375,2277.120522965607,2222.6956101428173,2277.120522965607,7413
2022-01-03,2316.95947265625,2330.751686840486,2248.494043534714,2277.2197077380465,13573
2022-01-04,2367.5146484375,2395.297720590161,2321.871029900985,2341.7160814386,17772
2022-01-05,2328.271240234375,2381.356758333889,2319.8867535825134,2381.356758333889,11241
2022-01-06,2306.838623046875,2346.627808148152,2282.181048299275,2346.627808148152,8636
2022-01-07,2340.8232421875,2357.592214490223,2297.7593333241593,2331.793646486542,89928
2022-01-10,2309.666259765625,2376.4449062061353,2284.5128024544438,2375.2542515714385,14054
2022-01-11,2300.53759765625,2331.7935538029706,2286.199596381635,2303.018229096466,14332
2022-01-12,2308.574951171875,2343.700595629226,2286.2492681059744,2330.801312080039,12461
2022-01-13,2326.683349609375,2344.6926354150855,2282.1807285038917,2293.0955059010844,35645
2022-01-14,2322.1689453125,2347.074341693218,2288.134630673547,2288.134630673547,23776
2022-01-17,2381.753662109375,2430.0266549455573,2322.168844108915,2322.168844108915,27147
2022-01-18,2370.690185546875,2411.17414557677,2350.051280213085,2391.329090880665,26702
2022-01-19,2288.779052734375,2380.413664826496,2252.561837742225,2370.689542214393,19673
2022-01-20,2306.64013671875,2331.7938395041424,2282.1812046210753,2288.779588160846,6713
2022-01-21,2225.076904296875,2319.737952360842,2202.6024786967314,2293.095871835559,17047
2022-01-24,2182.112060546875,2201.8083702220697,2034.1176921835254,2183.9478246321655,24425
2022-01-25,2083.77978515625,2138.304008286633,1886.3710895355127,1934.8922580783917,107923
2022-01-27,2040.1705322265625,2102.583119720686,2006.3842849912246,2102.583119720686,21105
2022-01-28,2044.6358642578125,2078.5708557204534,2006.8309421924882,2063.6870662851566,8146
2022-01-31,2028.5611572265625,2081.745870200281,2016.5052644015827,2081.745870200281,7221
2022-02-01,1991.7982177734375,2044.040341005111,1984.5051854418555,2028.5612247835813,7421
2022-02-02,2141.181884765625,2172.0410389106705,1998.3968261151622,1998.3968261151622,20962
2022-02-03,2169.262451171875,2246.459747115334,2134.3352102672625,2143.265483113569,17578
2022-02-04,2098.41552734375,2168.0716008053823,2083.730142650482,2168.0716008053823,46393
2022-02-07,2027.3704833984375,2128.6299106536344,2014.2727974021104,2098.415867142437,11063
2022-02-08,2025.3363037109375,2058.4775628940056,1984.5050873145256,2029.2556528085524,8931
2022-02-09,2043.79248046875,2084.722903976135,2031.587723918528,2047.2653648875585,5724
2022-02-10,2066.217529296875,2075.792671056707,2031.3397011616764,2039.724188118352,4754
2022-02-11,2011.1470947265625,2054.9550698613675,2002.365683718126,2054.9550698613675,5119
2022-02-14,1936.4305419921875,1989.3175310405861,1934.8925020663537,1946.7995328483005,9487
2022-02-15,1962.3282470703125,1978.5515517678668,1934.8924402945538,1962.3282470703125,8677
2022-02-16,1961.23681640625,2009.0136795516667,1949.77625106087,1964.4616371777247,7423
2022-02-17,2027.916259765625,2040.0713541666669,1954.7376302083335,1954.7376302083335,8520
2022-02-18,2072.4189453125,2128.3818968905093,2021.565876768033,2034.1178967951255,15814
2022-02-21,2006.136474609375,2038.0373006996258,1990.0619088572705,2030.992331044965,4768
2022-02-22,1973.2431640625,1984.5052068866646,1915.0475246456315,1915.0475246456315,6905
2022-02-23,1967.53759765625,2020.2261836230757,1950.3715801608985,1969.6213037779005,6086
2022-02-24,1835.7169189453125,1964.660092203481,1825.7447321486895,1860.4735721623874,12404
2022-02-25,1919.5623779296875,1935.884885278329,1835.9154325916086,1835.9154325916086,11221
2022-02-28,1981.826171875,1994.4277314797894,1857.5465333835355,1907.0103014045226,6592
2022-03-02,2013.131591796875,2033.125505201789,1900.2628625549503,1952.1080590638783,12839
2022-03-03,2052.722412109375,2083.730303530967,2010.0555535132648,2034.11767725642,20172
2022-03-04,2030.6448974609375,2078.6698252556816,1975.5748794745793,2058.9240958863647,15629
2022-03-07,1925.7142333984375,1954.7376219476603,1885.27993994952,1954.7376219476603,13854
2022-03-08,1933.8011474609375,1982.520726679444,1924.4739486460367,1932.7096938083037,7449
2022-03-09,1946.0057373046875,2004.3502382338022,1933.6025798898743,2004.3502382338022,3967
2022-03-10,1954.7376708984375,2000.1828895650992,1944.815144650222,1978.7997970503598,19909
2022-03-11,1968.9764404296875,1994.3780829949826,1939.8538505806698,1967.8849867847127,7791
2022-03-14,1983.6617431640625,2009.3114477911968,1924.969979612307,1961.7825256160593,9374
2022-03-15,2054.55810546875,2109.5784576637375,1934.8923581134602,1969.6211953103684,19623
2022-03-16,2024.0462646484375,2086.9550982047103,2006.334581514287,2049.24950270642,6739
2022-03-17,2020.970458984375,2053.2186681003645,1951.4631167322314,2053.2186681003645,20743
2022-03-21,2012.1890869140625,2034.1178453142404,1990.0122653620172,2031.389150643697,13323
2022-03-22,2169.0146484375,2222.745275196214,2012.1891885780967,2012.1891885780967,71592
2022-03-23,2163.9541015625,2310.0136305647484,2145.2003827493872,2192.5804426905343,24199
2022-03-24,2132.301025390625,2192.8780907826645,2093.7024988823923,2179.9788078957076,9787
2022-03-25,2084.37548828125,2160.6302033806037,2039.4760546633522,2133.8890421950305,18028
2022-03-28,2136.765869140625,2143.2155097008135,2035.1096598379395,2050.092767885102,12539
2022-03-29,2170.006591796875,2196.8470708092113,2109.5288493859002,2136.815793580685,8475
2022-03-30,2281.188720703125,2341.716129125435,2186.230195611728,2212.7232915041186,76644
2022-03-31,2340.128173828125,2371.433788314869,2292.103250246428,2292.103250246428,44919
2022-04-01,2349.058837890625,2379.4218660248102,2314.3796560579067,2369.499339477584,16135
2022-04-04,2352.382568359375,2406.212265431397,2336.7545917900784,2336.7545917900784,11684
2022-04-05,2391.42822265625,2419.8561643454013,2331.7937411426724,2341.7162677007263,20192
2022-04-06,2451.806640625,2460.7865755703656,2376.445100197994,2391.428212134406,19583
2022-04-07,2377.48681640625,2479.3911067928875,2349.654083395921,2456.8173608480997,17431
2022-04-08,2379.22314453125,2405.616916253978,2354.7145556997343,2378.4292940642104,13518
2022-04-11,2442.826416015625,2476.662324317216,2371.5828778894765,2371.5828778894765,20640
2022-04-12,2389.691650390625,2421.096348337216,2371.583040408185,2421.096348337216,9716
2022-04-13,2381.1083984375,2419.2110417494373,2371.5829192963843,2382.497697358542,9153
2022-04-18,2304.060302734375,2346.8262463836663,2275.235314947761,2323.9550167161356,7094
2022-04-19,2296.6181640625,2370.243254053601,2283.2724158542374,2302.1252141073064,7009
2022-04-20,2210.1435546875,2351.5395636446574,2184.0475026231825,2296.61852235713,12313
2022-04-21,2165.739990234375,2259.2103767847325,2132.7475920499633,2212.772907732479,15450
2022-04-22,2156.9091796875,2226.7636687567756,2139.147954302454,2168.0720219055493,6610
2022-04-25,2149.715087890625,2184.9400524048724,2134.3351738069396,2156.9089186717038,9673
2022-04-26,2159.78662109375,2182.9558172354436,2146.6889346401736,2182.8564950713517,7085
2022-04-27,2149.0703125,2202.800691937459,2107.7925089406067,2143.265538101311,12944
2022-04-28,2234.45361328125,2245.4677144364427,2143.2656929662908,2156.164977229514,9125
2022-04-29,2225.02685546875,2282.0813728435196,2208.307546596236,2256.183728567238,7865
2022-05-02,2186.081298828125,2231.2784548627374,2160.034667124494,2193.8705789229775,8580
2022-05-04,2159.19140625,2230.6335963474758,2134.8812165640534,2186.924819094948,6649
2022-05-05,2193.672119140625,2246.4599095548897,2144.4562927736756,2159.191340935222,8657
2022-05-06,2224.18359375,2242.9867297856567,2142.2731031219787,2190.8934746147884,12843
2022-05-09,2134.4345703125,2246.4597869957984,2109.082469054478,2203.7929270837753,13882
2022-05-10,2127.687255859375,2315.9175218457635,2083.730418113155,2088.6916810134244,47846
2022-05-11,2216.39453125,2246.459832761974,2086.905570041768,2153.188090588995,16282
2022-05-12,2149.0703125,2229.591511163725,2136.2204479977026,2183.8485710666205,8237
2022-05-13,2175.8115234375,2238.5218385498797,2088.691697760415,2154.180368569055,41570
2022-05-16,2260.500244140625,2279.2043032151355,2158.595946948234,2207.7621134756973,14979
2022-05-17,2267.297119140625,2305.8462283285235,2229.988325663416,2282.1809076689005,32687
2022-05-18,2281.287841796875,2320.878620031572,2263.327974472859,2268.289237021024,33629
2022-05-19,2203.7431640625,2246.85648718054,2184.1958380615347,2232.5681479334257,26245
2022-05-20,2286.298828125,2303.1177042059526,2215.6504884656606,2241.4987182391487,9847
2022-05-23,2353.126953125,2425.065263941598,2292.103420501265,2292.103420501265,53263
2022-05-24,2345.139404296875,2379.4217807385858,2331.7936550190475,2351.6387074021886,9191
2022-05-25,2195.755615234375,2354.019900148008,2175.017633421219,2345.1392880964177,27612
2022-05-26,2180.623779296875,2231.824109178017,2124.4127677004044,2198.831710987434,14778
2022-05-27,2214.31103515625,2262.3359648794603,2154.1804297163635,2222.6458602324524,23210
2022-05-30,2285.70361328125,2309.864819673031,2239.9110086766927,2251.4212361800173,42839
2022-05-31,2349.554931640625,2375.4528224694754,2233.560694811524,2282.181074218794,31444
2022-06-01,2356.550048828125,2458.0078679176513,2324.0537791441934,2325.343755856286,44359
2022-06-02,2342.510009765625,2371.483737523187,2318.894349201543,2371.483737523187,26578
2022-06-03,2338.4912109375,2373.666515591618,2308.029105923544,2342.7082842997506,15437
2022-06-06,2325.939453125,2348.9596653570593,2258.366953103047,2337.7471623509573,21402
2022-06-07,2335.41552734375,2358.13826007677,2284.8602994971134,2325.939707627284,5216
2022-06-08,2349.70361328125,2435.9799208889744,2303.0180840665216,2351.6384572329407,31455
2022-06-09,2351.69140625,2383.6925670875994,2315.6154602101756,2354.3746889433073,12733
2022-06-10,2332.113037109375,2362.1762845468143,2316.1123356347707,2345.4302133010337,13725
2022-06-13,2275.71337890625,2324.55984726245,2207.4870539698395,2324.55984726245,33690
2022-06-14,2256.681396484375,2299.6643852088773,2238.395089086147,2295.440623311094,12768
2022-06-15,2246.59423828125,2310.6462989889096,2228.6556238634967,2256.6814788342326,38816
2022-06-16,2175.137939453125,2335.491917753056,2170.516743988372,2270.8932051343545,53556
2022-06-17,2165.69677734375,2195.9092465278013,2142.5903127452907,2175.486064775385,17734
2022-06-20,2080.774169921875,2200.331527747573,2014.0884464382116,2200.331527747573,35257
2022-06-21,2122.266357421875,2168.529020946282,2086.985523213079,2086.985523213079,277676
2022-06-22,2108.0546875,2144.677285937412,2081.718288947015,2125.794585088102,20979
2022-06-23,2136.925537109375,2150.0439974332176,2096.973763227643,2096.973763227643,11532
2022-06-24,2181.697509765625,2219.5623944842073,2112.9745079462896,2112.9745079462896,15744
2022-06-27,2181.896240234375,2234.1218689265784,2131.8572238480283,2181.6975234702277,45255
2022-06-28,2198.54248046875,2236.407359347759,2151.63392788857,2194.36845855795,60877
2022-06-29,2257.17822265625,2273.576356450948,2168.777422635143,2201.325233651892,34578
2022-06-30,2264.18505859375,2283.813130538105,2208.282322043372,2236.1094620151157,22588
2022-07-01,2282.96826171875,2293.1054853008986,2236.1094431087436,2236.1094431087436,14417
2022-07-04,2281.725830078125,2315.615405817478,2256.532477573405,2315.615405817478,24497
2022-07-05,2272.732177734375,2313.628040241112,2265.9243693083054,2305.577948717834,76399
2022-07-06,2358.1513671875,2410.0290575490926,2239.090914085817,2239.090914085817,110042
2022-07-07,2361.182373046875,2429.607169993586,2347.6662379635495,2360.3375236166494,97024
2022-07-08,2461.1611328125,2559.102764823993,2384.1893331311685,2396.6121620866247,258900
2022-07-11,2455.89404296875,2529.2882206083286,2436.862364216747,2484.566032031757,77207
2022-07-12,2419.122314453125,2479.5470051011152,2405.059768644365,2459.670478087525,21621
2022-07-13,2426.575927734375,2463.695437695318,2398.6495538310464,2414.9979482047693,19268
2022-07-14,2430.65087890625,2472.6400436343656,2401.829913767425,2472.6400436343656,20101
2022-07-15,2436.017333984375,2459.720189224804,2370.2758187075383,2444.812794138593,42992
2022-07-18,2579.575927734375,2593.8869309899246,2453.906384040039,2455.546343197142,90531
2022-07-19,2548.220458984375,2585.93611981472,2521.3871479793797,2579.575728333555,42360
2022-07-20,2571.92333984375,2603.030155855605,2547.7735515258846,2554.133943670768,100355
2022-07-21,2609.14208984375,2643.528335773631,2536.6422639264038,2592.8929320624466,28769
2022-07-22,2595.526611328125,2645.217931152403,2565.96027603268,2609.788117171052,23392
2022-07-25,2626.18603515625,2649.093780224213,2574.0101536630796,2601.7378107746704,34081
2022-07-26,2650.33642578125,2756.8745727104288,2606.0614089004766,2728.053605656138,112945
2022-07-27,2681.7412109375,2797.521993023527,2599.3530948154857,2650.336440518247,120176
2022-07-28,2725.320556640625,2737.9918437578344,2655.9514225624744,2710.164703422002,30331
2022-07-29,2780.37841796875,2836.2811547192346,2713.146156956863,2733.022685579257,53410
2022-08-01,2801.993896484375,2877.027785436669,2767.7068876253797,2876.1334387806583,86376
2022-08-02,2814.118896484375,2852.281732718964,2774.0676445331055,2793.1490626504,104329
2022-08-03,2833.845947265625,2852.281473609532,2748.4763653701734,2788.328654316889,40947
2022-08-04,2745.048095703125,2852.28187108534,2646.0131457838283,2852.28187108534,65978
2022-08-05,2646.80810546875,2782.713862879001,2609.837812674322,2782.713862879001,34945
2022-08-08,2635.32958984375,2681.691740035927,2586.7315727377786,2650.5351832914525,40957
2022-08-10,2672.59814453125,2711.8542908296986,2608.347359098676,2659.479683408832,28645
2022-08-11,2646.907470703125,2713.1458989858174,2623.602049002566,2713.1458989858174,20969
2022-08-12,2703.853515625,2732.7242191232112,2647.5533509180277,2647.5533509180277,19254
2022-08-16,2677.56689453125,2754.0915232208276,2658.6841939455103,2705.841205565852,33697
2022-08-17,2693.617431640625,2708.1768910842893,2647.4540020877207,2683.3312315330572,33820
2022-08-18,2768.054931640625,2837.9707146973637,2723.3327444316387,2732.0287252778307,59296
2022-08-19,2700.226318359375,2802.5904371635766,2692.2757071901165,2792.6521732020037,21777
2022-08-22,2685.468017578125,2723.432381689819,2658.8336630949793,2706.1893959038334,12825
2022-08-23,2629.565185546875,2756.973924658829,2590.905435480862,2660.4732837676515,85724
2022-08-24,2623.0556640625,2656.4978235608946,2599.849721823906,2633.6398175968466,19521
2022-08-25,2599.700927734375,2643.5782669539526,2585.0419880961904,2638.609134873212,30059
2022-08-26,2580.3212890625,2642.584416412388,2569.041262288839,2642.584416412388,28996
2022-08-29,2618.7822265625,2643.5781459840555,2486.8517758559647,2559.102904477046,24151
2022-08-30,2590.508056640625,2662.4609927623255,2576.991920206312,2662.4609927623255,25963
2022-09-01,2624.894287109375,2643.5782722974054,2569.041290935637,2583.9486872079906,21767
2022-09-02,2628.173828125,2680.3497124042824,2616.3473914083856,2632.198873438937,115798
2022-09-05,2628.2236328125,2643.5782020382608,2604.76923291399,2642.5843756465174,37556
2022-09-06,2654.95751953125,2678.3621800580663,2608.8440710726645,2638.609123582251,49991
2022-09-07,2622.9560546875,2658.5350846512542,2609.042486527748,2648.547081838472,39450
2022-09-08,2760.8994140625,2822.4669095666864,2621.862958395007,2640.5966826474246,113222
2022-09-09,2770.191650390625,2830.417628155439,2740.2776208978153,2769.7942168782333,84966
2022-09-12,2770.340576171875,2832.404980642076,2752.2529858748007,2810.540801844137,38183
2022-09-13,2750.36474609375,2861.0274097268043,2731.6807617637637,2770.340753234686,72803
2022-09-14,2751.308837890625,2783.7076747500696,2719.9040700389924,2742.960793398855,26471
2022-09-15,2792.850830078125,2827.4360364496,2752.8990583358145,2768.800280333422,44860
2022-09-16,2751.308837890625,2817.5972511711443,2733.0225296546564,2801.5965494896277,36674
2022-09-19,2789.62109375,2857.251031919151,2739.2838813192925,2752.8992551012343,48726
2022-09-20,2836.579345703125,2976.3611785505013,2798.1680512678104,2802.5905303510804,176379
2022-09-21,2799.55908203125,2880.8541258115306,2782.713773961979,2835.3865703976876,32518
2022-09-22,2799.062255859375,2866.890906207987,2759.8558537449876,2792.1552110538505,33709
2022-09-23,2685.169921875,2822.3674605501287,2653.5164543826577,2822.3674605501287,45263
2022-09-26,2715.431640625,2735.009970155031,2613.763161885077,2685.169678399051,40245
2022-09-27,2711.208251953125,2782.714015356772,2689.890723469305,2772.676271319444,19444
2022-09-28,2694.81005859375,2733.0226356454577,2658.8335909712064,2711.2081944076226,14798
2022-09-29,2711.208251953125,2742.7622412344026,2687.555134295911,2717.1214707090767,19124
2022-09-30,2752.650634765625,2762.8373552300523,2702.909575580937,2713.990885373498,42899
2022-10-03,2728.351806640625,2830.5172144118756,2713.1462134014732,2757.868403732267,27511
2022-10-04,2803.534423828125,2832.4051281345605,2752.5510829950254,2760.750150471204,20225
2022-10-06,2827.783935546875,2857.2507901203257,2770.6389197444687,2825.547826232868,22638
2022-10-07,2881.500244140625,2930.7941319518063,2813.0754402513962,2827.784119891298,39500
2022-10-10,2883.2890625,2956.8322150630684,2828.578871424714,2877.127387433557,23747
2022-10-11,2747.58203125,2926.818717687009,2733.0225716941513,2886.3700321526153,41130
2022-10-12,2753.892822265625,2781.6702202861597,2733.022468867004,2775.0116322523245,11522
2022-10-13,2731.631103515625,2771.781589544962,2715.381946229553,2744.053932439724,7791
2022-10-14,2752.899169921875,2792.6522265272447,2733.02264161919,2782.515245619556,10977
2022-10-17,2796.031005859375,2934.769263844919,2727.059552993721,2727.059552993721,143420
2022-10-18,2762.6884765625,2847.312699352009,2743.6565549990055,2840.355914397222,40611
2022-10-19,2917.576171875,2936.5583535452065,2750.4643564507433,2802.54076379124,99028
2022-10-20,2941.32861328125,3049.059294427348,2926.818651267451,2961.602574117828,115723
2022-10-21,2864.108154296875,2981.479147108053,2843.4367596503075,2975.1187553142468,47266
2022-10-24,3012.78466796875,3045.0840252865746,2906.9421586041876,2906.9421586041876,35676
2022-10-25,2946.2978515625,3026.2013973150956,2924.4831679086324,3011.2940012692084,94832
2022-10-27,2966.423095703125,2990.1754517605427,2931.7881454735693,2960.6091136833093,36185
2022-10-28,3079.967529296875,3107.9436457305446,2963.640099290377,2971.540970736055,71175
2022-10-31,3123.149169921875,3179.2506211017267,3081.607178299837,3105.7572080996556,82444
2022-11-01,3069.184326171875,3202.3073215991258,3032.2637731103505,3120.614841473225,48531
2022-11-02,3126.478515625,3168.3187060042032,3081.5576088469797,3093.73198279571,67401
2022-11-03,3120.962890625,3148.4420940452346,3100.7881658012493,3126.4784331413684,39499
2022-11-04,3175.722412109375,3228.941862525321,3141.286425587323,3144.466621431245,54061
2022-11-07,3220.444580078125,3259.7504611469867,3184.2693976236296,3199.971902639979,60658
2022-11-09,3312.224609375,3358.5865129708186,3241.861653110665,3244.7933924063886,72377
2022-11-10,3355.058349609375,3421.6944563275683,3278.1362855289017,3307.454163480426,74231
2022-11-11,3375.034423828125,3445.3973808374403,3324.3492778872433,3398.8862572120693,88008
2022-11-14,3260.545654296875,3388.9479747855307,3229.935753094714,3349.1949193628266,37219
2022-11-15,3143.721435546875,3298.1619647747066,3056.8611031473647,3259.750670542559,52986
2022-11-16,3078.228271484375,3189.387607819558,3046.0778906584874,3160.4674054001957,50587
2022-11-17,3157.83349609375,3172.0452614650894,3092.1912169663774,3092.2906966550095,39093
2022-11-18,3116.68896484375,3221.289181180343,3053.3325392717047,3178.3061944197,29882
2022-11-21,3157.535400390625,3189.188867789604,3120.664587106531,3128.5654583364517,36037
2022-11-22,3041.953369140625,3178.554747422972,3008.163274477062,3174.181766062955,37677
2022-11-23,3082.899169921875,3134.2302053841318,3057.407377700493,3063.9667288603955,33489
2022-11-24,3103.819091796875,3125.434814359608,3066.003951614475,3110.6763963841145,17843
2022-11-25,3013.082763671875,3127.273313748999,2983.8641235258206,3127.273313748999,55462
2022-11-28,3010.896484375,3071.3209339008304,2974.273885383169,3016.263049749534,58082
2022-11-29,3039.717529296875,3093.7815884960646,2993.6535785246615,3004.1384955892895,43919
2022-11-30,3024.511962890625,3065.9544756720566,2993.753084019558,3040.1149890051283,98789
2022-12-01,3154.305419921875,3180.244385242365,3013.5797514549354,3028.188950572964,56099
2022-12-02,3162.504638671875,3215.02846191133,3135.5223484792105,3140.491480568718,24885
2022-12-05,3245.141357421875,3319.2806604816506,3162.504547573735,3183.374901748481,47258
2022-12-06,3251.551513671875,3278.6332829841876,3165.3868135975454,3245.14138193931,71492
2022-12-07,3267.701171875,3373.046769265131,3249.8122968464872,3253.837342254582,90437
2022-12-08,3346.362548828125,3357.1456625893297,3275.4034391589057,3279.627201463821,35823
2022-12-09,3270.334716796875,3437.3472903467355,3242.1101443431917,3363.1085074587663,51076
2022-12-12,3312.2744140625,3354.164099766221,3244.8431957738408,3283.6024253711394,38983
2022-12-13,3307.205810546875,3348.052172738384,3277.738954769429,3312.274422252414,14256
2022-12-14,3342.685302734375,3378.0158792122143,3295.3295725901858,3306.4603795642943,25519
2022-12-15,3308.249267578125,3366.189393451204,3289.5652833033796,3344.2257336301727,13114
2022-12-16,3253.5390625,3339.4055633847884,3234.9048181557846,3333.194148603383,22335
2022-12-19,3213.3388671875,3279.5772980355887,3120.664557707983,3253.539095534242,34487
2022-12-20,3346.9091796875,3377.8172783435757,3180.244537899866,3180.244537899866,23324
2022-12-21,3224.569091796875,3427.7071019140726,3160.3180723001287,3349.8904497110043,75945
2022-12-22,3294.2861328125,3359.8786766742164,3172.343679341717,3229.836392282891,56954
2022-12-23,3140.44140625,3279.5770899376325,3052.040604319426,3279.5770899376325,59311
2022-12-26,3165.98291015625,3219.003644578632,3105.707437267127,3180.2444157615378,29377
2022-12-27,3251.451904296875,3264.719583218103,3171.6973391360675,3247.77479530212,28728
2022-12-28,3274.31005859375,3283.3539759061323,3215.724040717201,3247.8246820314007,24813
2022-12-29,3238.681396484375,3293.043649950236,3213.0406278222767,3269.688730447043,12733
2022-12-30,3471.982421875,3688.0401937417673,3312.721734228031,3329.2688474668485,693869
2023-01-02,3604.011962890625,3624.484883800935,3478.988795773829,3486.343014086559,127590
2023-01-03,3552.3330078125,3595.0180460480215,3501.4988842095568,3577.775060854156,64772
2023-01-04,3519.63623046875,3561.8738528871945,3495.0390268250676,3561.8738528871945,32818
2023-01-05,3475.808349609375,3587.713299151504,3451.111909182789,3523.1643230854165,55009
2023-01-06,3486.939453125,3575.489241030105,3461.596879568645,3480.380101739406,37481
2023-01-09,3574.743896484375,3684.9096523054354,3518.542963850221,3547.860843269681,119519
2023-01-10,3562.668701171875,3620.6583223520124,3540.5063253315443,3615.5402137701494,43498
2023-01-11,3507.21337890625,3589.4027739713943,3471.9822814192644,3562.718680610195,27909
2023-01-12,3441.9189453125,3542.9412996373885,3422.738047680065,3526.8911006773797,31163
2023-01-13,3419.359375,3497.076554728688,3389.9420150775954,3441.919186849237,29461
2023-01-16,3511.43701171875,3562.867526218558,3423.731834818112,3423.731834818112,51614
2023-01-17,3490.96435546875,3552.9295311991104,3466.0194573472295,3552.9295311991104,35516
2023-01-18,3478.88916015625,3525.450022001298,3463.981764812058,3490.9145561205864,17134
2023-01-19,3498.8154296875,3518.1453038046075,3466.466333240246,3478.839422858305,16924
2023-01-20,3455.931640625,3519.9342029262843,3440.626811940663,3511.188482549498,29150
2023-01-23,3331.25634765625,3456.3792367973297,3244.8431908403363,3390.935671408033,87189
2023-01-24,3266.11083984375,3344.871578569741,3246.383532253929,3254.7813164368367,67785
2023-01-25,3294.832763671875,3314.4110955295823,3208.1214089237624,3215.0284539844674,56869
2023-01-27,3197.387939453125,3289.515596882559,3093.6820590500324,3256.421129711451,82048
2023-01-30,3175.871826171875,3196.940897890942,3105.7573232424807,3176.3189995372027,128354
2023-01-31,3170.008056640625,3209.0654831442544,3088.514290887194,3088.514290887194,55433
2023-02-01,3212.593505859375,3287.4781778413317,3066.501028332993,3197.2389368501176,84245
2023-02-02,3307.65283203125,3396.153117627119,3160.3678144865726,3160.3678144865726,88513
2023-02-03,3377.46923828125,3423.7319051489108,3329.4178780226953,3331.2563112596463,60559
2023-02-06,3281.56494140625,3412.799762391822,3256.9179988471556,3394.9108876908745,73671
2023-02-07,3348.05224609375,3442.5152536036876,3315.5539279169075,3329.1695440346593,63240
2023-02-08,3359.43115234375,3441.6205403421377,3331.8027321677782,3376.773373071758,54294
2023-02-09,3260.59521484375,3397.743248510353,3247.874189281331,3335.5793629847926,34816
2023-02-10,3333.79052734375,3359.133099544455,3254.7813316591983,3260.595312923304,38677
2023-02-13,3347.058349609375,3377.966205173832,3330.9086705547747,3339.2567152896395,10190
2023-02-14,3330.709716796875,3364.7482711694865,3295.5283591118273,3364.698773955954,15053
2023-02-15,3346.760009765625,3351.1327486996943,3319.380044999505,3319.380044999505,9217
2023-02-16,3524.704833984375,3552.6312104558097,3365.096215882371,3365.096215882371,42206
2023-02-17,3494.939453125,3552.8795797872335,3471.1373597760953,3524.704747405984,18703
2023-02-20,3528.282470703125,3566.793244073683,3486.690981042963,3495.2874824323208,28325
2023-02-21,3538.916259765625,3591.589057909747,3503.23798977419,3528.282366025471,40934
2023-02-22,3350.685791015625,3543.5875971112923,3311.9763002986283,3513.1764114608436,68437
2023-02-23,3428.552001953125,3448.577506269025,3350.6856087567776,3350.6856087567776,44798
2023-02-24,3368.07763671875,3450.7142040186413,3334.1385625434436,3450.7142040186413,31937
2023-02-27,3284.695556640625,3396.55051789277,3249.712675118264,3372.0527954916975,104197
2023-02-28,3303.975830078125,3339.206927039871,3264.7196877144356,3284.5962154935187,36508
2023-03-01,3280.422119140625,3365.692469914842,3237.7868224368212,3322.2620635911435,91308
2023-03-02,3271.72607421875,3307.006909537797,3242.4579368258233,3296.9194265355595,52147
2023-03-03,3309.04443359375,3365.0464048938343,3287.5776865916678,3309.3423874029886,47131
2023-03-06,3278.136474609375,3332.548471573105,3252.7939006810625,3308.4481806804943,37761
2023-03-08,3241.36474609375,3280.620888197292,3228.79293941015,3280.620888197292,35858
2023-03-09,3281.763671875,3312.2743357381155,3249.762511080632,3249.812250926132,26516
2023-03-10,3139.6962890625,3278.5337874974593,3096.3158641052964,3230.929600374279,122469
2023-03-13,3056.861083984375,3169.212966400419,3002.3496079193046,3139.6963703209417,111755
2023-03-14,2965.826416015625,3060.9852932321774,2954.6458690841764,3046.077897323579,94135
2023-03-15,3009.703857421875,3031.1706053194666,2944.9561626927575,3009.703857421875,50557
2023-03-16,2977.304931640625,3020.238180046496,2950.0244477414117,3011.244003342979,73163
2023-03-17,2886.61865234375,3019.1452633418335,2855.2633794448147,3019.1452633418335,181443
2023-03-20,2792.9501953125,2897.0037639685,2718.115023826363,2897.0037639685,152421
2023-03-21,2862.170166015625,2956.633409699248,2834.3927678864725,2846.31868416089,58340
2023-03-22,2802.342041015625,2884.7798938285123,2789.0743612873607,2884.7798938285123,26383
2023-03-23,2952.061767578125,2976.559733304661,2777.7447184369084,2806.416706412235,80445
2023-03-24,2999.666259765625,3030.4748780435984,2921.8993442736437,2936.7570003681158,85523
2023-03-27,2992.759033203125,3035.09588952589,2962.9442431307343,2999.6660777098855,33148
2023-03-28,2991.715576171875,3003.04509975937,2966.621460278761,2981.47911601355,46259
2023-03-29,3086.476806640625,3160.268415514541,3001.355674063667,3001.405413909453,73597
2023-03-31,3235.202880859375,3267.6512132827725,3086.725082482215,3138.9507043321123,50766
2023-04-03,3121.757568359375,3235.202992740759,3090.799974351302,3235.202992740759,29941
2023-04-05,3103.868896484375,3125.1369275203538,3067.3955152805484,3121.658535039243,17092
2023-04-06,3046.326171875,3124.8384523017594,3035.1953654550975,3103.86861959012,37254
2023-04-10,2996.13818359375,3075.6442967664843,2981.4792439775274,3059.444877680859,42450
2023-04-11,3049.357666015625,3064.8612126536927,3003.3931938946253,3009.256672744267,24990
2023-04-12,3068.1904296875,3136.118558441929,3057.1588600389446,3070.8737123326277,16421
2023-04-13,3077.9794921875,3121.2109356954056,3063.4197914950446,3075.8923599303216,14471
2023-04-17,3065.109375,3105.458821003749,3031.170302923893,3077.9796200650208,12711
2023-04-18,3077.283935546875,3097.707116378791,3047.1214502040934,3065.1095622748967,9699
2023-04-19,3057.85498046875,3106.1547998964197,3012.2879411190133,3095.7693621200024,17035
2023-04-20,3024.114013671875,3091.7936831529723,3002.8959673086956,3077.7806349802195,14180
2023-04-21,3043.7919921875,3066.9481952669066,2996.933175628791,3024.114181422881,9187
2023-04-24,3057.85498046875,3085.781357866417,3029.5804241301407,3053.18380209173,33326
2023-04-25,3072.76220703125,3086.42731983174,3026.2510836636293,3030.07716966773,16114
2023-04-26,3131.696044921875,3160.368034362456,3066.004263749918,3073.0602857937665,18351
2023-04-27,3115.447021484375,3166.6788205074076,3093.9802743685286,3127.3231983394885,13235
2023-04-28,3080.76220703125,3156.8396626928916,3052.040722553573,3100.7382137307545,23011
2023-05-02,3186.505615234375,3223.9728217570923,3090.9490618824675,3111.5214623425672,28918
2023-05-03,3158.628662109375,3203.30110893763,3139.5472443220438,3157.634835738854,10899
2023-05-04,3207.12744140625,3262.731978377662,3112.8131731493827,3158.628665939325,16727
2023-05-05,3259.651123046875,3323.355492550134,3207.1772830606974,3228.9419842390507,35280
2023-05-08,3146.205810546875,3386.9105072826005,3095.7691225944927,3312.4232698579276,132923
2023-05-09,3293.7890625,3327.7281361441987,3185.213531059063,3211.9971033317734,71164
2023-05-10,3365.294921875,3375.034469164286,3293.7891606088733,3293.7891606088733,41505
2023-05-11,3379.15869140625,3466.46643652401,3344.0270742193366,3365.2948618396063,33645
2023-05-12,3437.1982421875,3454.7391805733055,3330.3121675145403,3378.4630066381396,34502
2023-05-15,3470.541259765625,3521.772816450069,3430.390527726557,3437.1983356027963,103106
2023-05-16,3463.832763671875,3516.157623910461,3443.5585605656215,3508.2070131158644,98190
2023-05-17,3422.9365234375,3508.2068692391667,3409.967041584034,3453.5464222680184,12618
2023-05-18,3547.86083984375,3623.4911274620767,3423.880993943889,3423.880993943889,123593
2023-05-19,3480.23095703125,3566.842827779791,3458.515753879541,3555.761760851608,22716
2023-05-22,3477.299072265625,3514.915498324878,3438.639322599584,3480.2310542340965,17112
2023-05-23,3333.79052734375,3496.3806170259436,3318.3862187511645,3482.3675682851394,37427
2023-05-24,3342.23828125,3432.6764863031517,3317.392620521112,3367.1834216751654,21317
2023-05-25,3372.003173828125,3405.0976408709666,3330.461182539416,3342.238122217894,28597
2023-05-26,3459.21142578125,3493.2002393861344,3353.219939608549,3378.065599061446,42228
2023-05-29,3425.023681640625,3496.2809799770403,3359.0832085152224,3476.9013668134385,74101
2023-05-30,3428.6015625,3472.4294033100764,3400.6254467018475,3401.122359896368,13477
2023-05-31,3705.18359375,3800.3922128818263,3409.8184315893163,3428.7011334838653,144669
2023-06-01,3671.34375,3825.2378672518403,3643.6658299518353,3742.203621840543,110566
2023-06-02,3795.8701171875,3841.6856103422397,3693.9531734287884,3726.8489236482137,61507
2023-06-05,3855.7978515625,3874.9290091480607,3800.789465035857,3841.1389126333042,105301
2023-06-06,3909.11669921875,3944.497016424469,3867.972382948862,3867.972382948862,119477
2023-06-07,3935.70166015625,3980.2748728266606,3811.6723151546694,3897.837018556595,46953
2023-06-08,3885.811279296875,3940.521468259283,3851.077096974709,3920.6449413071555,56191
2023-06-09,3851.6240234375,3913.439978120545,3841.139106199202,3894.5075363278634,16865
2023-06-12,3924.471435546875,3953.4413777497775,3836.21960362548,3852.8661956509472,19630
2023-06-13,3862.804443359375,3942.4595310970635,3840.343869995628,3942.4595310970635,17799
2023-06-14,4028.425537109375,4063.7561138451997,3868.518967809666,3880.892057854122,71846
2023-06-15,3954.584228515625,4094.5647742216843,3925.6640258117195,4054.7619783145246,27476
2023-06-16,4009.1455078125,4039.9043869056795,3891.824250706677,3981.0201716721836,30449
2023-06-19,4027.28369140625,4125.898021483828,3990.6085524583505,4066.101435315075,35042
2023-06-20,4065.85205078125,4083.0933773121983,4016.3207982836607,4028.280066169369,51354
2023-06-21,3985.177001953125,4095.7505978822483,3956.524588372343,4091.0663564907977,39586
2023-06-22,3979.595947265625,4115.9815344172775,3959.016136918314,4086.0833634650944,35064
2023-06-23,3945.013671875,4085.086647673394,3919.1518033607276,4085.086647673394,55781
2023-06-26,3946.4091796875,4026.2870292423722,3926.6264592116204,3974.413653878978,13251
2023-06-27,4077.163818359375,4086.0833907572987,3946.4091985175296,3983.6821545621005,37338
2023-06-28,4034.4091796875,4086.083281437279,4021.3039123413223,4040.289299177216,15895
2023-06-30,4012.9326171875,4085.0867726909323,3990.459109943951,4055.6370255330535,16519
2023-07-03,3961.158935546875,4054.5410887034923,3936.592701204644,4023.496673692898,26012
2023-07-04,4015.32421875,4046.2189943224125,3954.531273268801,3967.2379954800354,25859
2023-07-05,3958.667236328125,4021.304001935842,3936.642396331947,4015.32436773222,26844
2023-07-06,3953.13623046875,4018.3141453225708,3901.9604309211795,3991.306033777002,32809
2023-07-07,3936.24365234375,3975.460184428431,3918.653658854999,3975.460184428431,9151
2023-07-10,3958.667236328125,4014.327762031616,3912.673980570041,3970.975414055356,27640
2023-07-11,4003.7138671875,4048.212212822483,3951.491584333799,3986.422661568176,80147
2023-07-12,4083.7412109375,4173.784632411847,4006.2054828550426,4045.222498318932,56021
2023-07-13,4115.83203125,4170.7947367282295,4017.4172211539635,4096.049311338835,50838
2023-07-14,4527.18115234375,4628.934691687949,4116.031178634717,4119.669178740585,375604
2023-07-17,4452.28662109375,4579.303733914156,4424.9295981851365,4559.471376508333,74463
2023-07-18,4424.2314453125,4464.793491548212,4241.105149760718,4453.781193322402,88802
2023-07-19,4621.70947265625,4674.080909519539,4395.080938618383,4429.7129880012835,108218
2023-07-20,4566.048828125,4633.668623019358,4534.555990296189,4624.200868753905,36781
2023-07-21,4523.74267578125,4631.226698087461,4484.725659865198,4563.257994548398,32077
2023-07-24,4739.8564453125,4946.153813727068,4506.202057306459,4567.543426700657,183878
2023-07-25,4601.37841796875,4919.246018969686,4559.471340515865,4798.65672231342,152695
2023-07-26,4632.02392578125,4719.824988080845,4580.698730591658,4623.05447419472,52414
2023-07-27,4730.48828125,4760.436085152473,4634.21608209083,4668.648611234037,46332
2023-07-28,4655.1455078125,4754.20802309242,4634.2167868396755,4713.945247688531,23443
2023-07-31,4639.49853515625,4711.951967547068,4615.630119511564,4706.171848869265,30991
2023-08-01,4630.828125,4709.46021710052,4615.679523769151,4676.871016187254,15668
2023-08-02,4602.67431640625,4792.62747189183,4534.556215276166,4658.683268233778,45101
2023-08-03,4543.126953125,4643.186070542104,4514.574296442259,4611.89274811693,19339
2023-08-04,4621.75927734375,4633.220243745788,4552.495176044475,4578.1577747272995,15205
2023-08-07,4648.5673828125,4723.9108686756435,4589.518496954054,4668.997799016688,20190
2023-08-08,4731.8837890625,4759.340081015453,4670.044601001153,4680.060293478833,27177
2023-08-09,4716.58544921875,4758.7917941840815,4703.978485559972,4731.8834426777,10158
2023-08-10,4777.02978515625,4801.048079237604,4713.944840606975,4716.5857483197515,60780
2023-08-11,4739.30859375,4798.058205596979,4643.484569973943,4777.129486678452,30871
2023-08-14,4774.5380859375,4831.24533592068,4694.012545204339,4739.308466006646,71922
2023-08-16,4871.15966796875,4899.3137799057595,4759.490190315939,4774.538547574306,29270
2023-08-17,4882.72021484375,4977.74666529811,4871.4582785027305,4930.9061975782315,36888
2023-08-18,4789.38818359375,4963.046725965002,4756.001892807885,4898.316991418678,41659
2023-08-21,4724.259765625,4808.223792976207,4699.145108195035,4788.690224599997,16889
2023-08-22,4828.455078125,4871.408883072617,4724.260142102456,4724.260142102456,23049
2023-08-23,4903.44921875,4965.538043064071,4853.618935973309,4883.716621419972,41643
2023-08-24,4934.34423828125,5008.441969762193,4908.532247850212,4947.101083277756,27453
2023-08-25,4874.24951171875,4968.179607163638,4815.549528176649,4934.3446460381665,15706
2023-08-28,4822.97314453125,4924.677040119928,4801.645881568437,4923.231767320066,23352
2023-08-29,4827.75732421875,4869.913548912087,4805.134181127521,4868.369004791382,15821
2023-08-30,4832.49169921875,4874.747686158342,4776.233109363436,4834.534546379139,100698
2023-08-31,4901.40673828125,4995.585979770928,4833.68718427483,4852.174512541583,96356
2023-09-01,4878.63427734375,4977.945942592343,4860.944525355016,4921.239172978589,12429
2023-09-04,4837.12548828125,4927.218545592717,4818.58852506893,4890.543650744327,17517
2023-09-05,4874.697265625,4911.223253828086,4783.707359867079,4856.509211600505,17391
2023-09-06,4882.5205078125,4958.013386340234,4858.452578517538,4912.2196483693415,14865
2023-09-07,4830.5478515625,4967.780651774287,4814.60216028439,4882.520741747315,26722
2023-09-08,4801.3974609375,4903.30040118572,4758.842199797969,4835.082541401772,23400
2023-09-11,4913.61474609375,5048.754569071481,4801.396852983409,4801.396852983409,56331
2023-09-12,4664.41357421875,5016.863577722138,4606.560806604603,4941.17117835375,49423
2023-09-13,4576.61328125,4807.6263075999495,4506.900511928663,4700.840095045103,52391
2023-09-14,4786.54736328125,4842.506671097901,4604.317929712349,4614.184227951251,56865
2023-09-15,4795.71630859375,4858.353074745501,4673.133806354803,4822.575027107852,70999
2023-09-18,4763.27734375,4822.276600801492,4738.860502046501,4783.8075202213995,19052
2023-09-20,4806.52978515625,4973.06270368043,4708.065331484443,4772.894341018131,58388
2023-09-21,4700.740234375,4801.945354995651,4684.047087838554,4766.36682121769,22889
2023-09-22,4748.1787109375,4763.476706552488,4530.071444830169,4699.992725512941,45134
2023-09-25,4657.3876953125,4783.209167849429,4640.296004486717,4748.228209645077,13947
2023-09-26,4660.22802734375,4763.775262610016,4634.21652115828,4684.046806332025,45642
2023-09-27,4664.8623046875,4708.962108561328,4639.1997069530125,4708.962108561328,13474
2023-09-28,4702.48388671875,4772.595193417405,4659.131539771147,4723.910908773312,19624
2023-09-29,4619.7158203125,4804.635802634293,4596.444981234668,4725.903956874469,60370
2023-10-03,4633.46875,4763.7749368177665,4594.401614446015,4609.051911934721,38163
2023-10-04,4598.587890625,4693.963251581712,4559.471116564853,4638.202967539416,22881
2023-10-05,4646.3251953125,4683.997182976947,4564.454133882163,4607.3578148796905,38518
2023-10-06,4607.30859375,4676.223787201295,4590.715204575556,4654.946156137257,20010
2023-10-09,4496.5849609375,4634.216299323913,4410.578087494213,4607.307946618161,34352
2023-10-10,4503.46142578125,4551.348619336004,4478.845558150216,4494.691490692854,24908
2023-10-11,4490.0078125,4596.345843556211,4469.776909876324,4513.129261176127,25011
2023-10-12,4570.8828125,4605.315347836964,4505.305859654046,4505.305859654046,24432
2023-10-13,4495.6884765625,4582.144024188702,4485.871812734918,4544.522157642429,20536
2023-10-16,4468.28173828125,4548.408740712871,4447.402653831988,4506.302149112027,44205
2023-10-17,4561.6640625,4579.303692412608,4479.194936164113,4479.194936164113,15823
2023-10-18,4491.10400390625,4577.41015820924,4459.8106810333875,4564.4542836051205,24751
2023-10-19,4505.1064453125,4582.09423587842,4444.861435909423,4491.103843209355,91466
2023-10-20,4540.28662109375,4564.454310401004,4485.37354723991,4524.590080615842,18328
2023-10-23,4498.478515625,4578.157334246909,4434.895268005169,4539.538864216527,35206
2023-10-25,4477.1513671875,4542.5287986926705,4419.94629710443,4534.555953060915,27611
2023-10-26,4386.01220703125,4477.151509583619,4200.045479431094,4439.878552394469,55955
2023-10-27,4640.6943359375,4670.094203415253,4380.081951346572,4387.3073425063585,42191
2023-10-30,4775.2861328125,5020.650665478187,4578.755768991638,4733.528448809599,229942
2023-10-31,4852.27392578125,4969.076315409964,4808.622788177512,4873.4021625260175,72899
2023-11-01,4748.62646484375,4921.637305135286,4733.876895691979,4852.2734537178485,66346
2023-11-02,4799.6533203125,4848.038335110856,4724.907888621587,4801.646531824258,43434
2023-11-03,4890.4931640625,4919.095939966289,4813.954047202392,4883.26777332754,16666
2023-11-06,4888.05224609375,4986.815483173039,4860.994011626393,4911.920660998961,34331
2023-11-07,4873.89990234375,4943.163994606891,4843.503430199494,4933.098180276974,16514
2023-11-08,4863.63525390625,4943.164192843171,4812.758241761638,4892.337302957082,21458
2023-11-09,4892.43701171875,4926.221846743686,4841.061697248045,4882.6203485047545,18543
2023-11-10,4871.4580078125,4939.1775557536985,4859.4491044905235,4892.386726269083,11571
2023-11-13,4781.76416015625,4908.283458367179,4763.7756205066225,4908.283458367179,26598
2023-11-15,4789.4375,4871.308555070799,4771.100053757167,4818.588214638714,35088
2023-11-16,5089.66552734375,5175.373621205423,4809.619313679447,4809.619313679447,162913
2023-11-17,5173.2802734375,5242.145822537431,5052.790745297486,5122.55314217536,64485
2023-11-20,5226.74853515625,5400.606604345025,5106.358754200557,5173.231097908721,72602
2023-11-21,5099.33251953125,5250.069129873533,5087.672038329604,5235.169680185193,25592
2023-11-22,5170.1904296875,5321.575212339589,5117.569847713997,5131.422568477491,64128
2023-11-23,5169.0947265625,5237.1626979009,5153.497458819621,5184.143082598965,14354
2023-11-24,5105.810546875,5212.247841610535,5081.692494143808,5176.519429730934,25547
2023-11-28,4981.0849609375,5172.1841053205735,4963.146058205321,5162.417564038161,38160
2023-11-29,4907.03759765625,5046.811555121859,4894.629661327923,5022.893016945925,27004
2023-11-30,5032.60986328125,5080.6960905010765,4893.334210349212,4983.02872744319,46983
2023-12-01,5083.4365234375,5105.710758153606,5037.841812670012,5068.238286515004,24510
2023-12-04,5099.2822265625,5198.444489220055,5083.934596802584,5151.454629918659,24921
2023-12-05,5068.7861328125,5153.846525071237,5017.411304569888,5122.503568355773,33922
2023-12-06,5125.7919921875,5181.452514878269,4999.173439428802,5092.654854436033,39020
2023-12-07,5141.48876953125,5175.373363088928,5091.7081205227,5125.792229868502,23972
2023-12-08,5154.99267578125,5224.057743527849,5062.757011877793,5169.294065058871,18842
2023-12-11,5164.11181640625,5214.739190003658,5137.502250256829,5212.198040184115,11172
2023-12-12,5091.75830078125,5182.349661970536,5045.914438386895,5164.1119722327685,15595
2023-12-13,5010.634765625,5126.539816038684,4981.533683994822,5122.553393164626,23622
2023-12-14,5289.18603515625,5315.894873617486,5017.959401039933,5032.85885110017,61528
2023-12-15,5306.0283203125,5325.262615004565,5195.50484934792,5314.898013409506,32012
2023-12-18,5279.91748046875,5441.417733461878,5256.696761253837,5306.028745644026,32503
2023-12-19,5245.0361328125,5329.847376688548,5218.22753633905,5286.99333084008,11924
2023-12-20,5190.123046875,5281.960652792734,5100.677683971888,5257.095145558973,36087
2023-12-21,5378.53173828125,5421.535178261987,5059.11960140019,5158.431265199273,74933
2023-12-22,5410.7216796875,5494.934860416995,5345.8926742606745,5429.458158617024,27398
2023-12-26,5361.638671875,5426.368403887602,5331.989653606316,5410.671864804181,57801
2023-12-27,5299.94921875,5413.562270825499,5282.010315790711,5391.636944986367,32330
2023-12-28,5312.0576171875,5369.611594657756,5293.91968595907,5341.457484466679,9604
2023-12-29,5387.89990234375,5401.6032315751445,5235.369585075863,5291.976597723989,11949
2024-01-01,5321.2265625,5422.980098369612,5286.993060532571,5387.899384260926,13491
2024-01-02,5216.7822265625,5347.835877476024,5184.542421131168,5347.835877476024,20890
2024-01-03,5125.7919921875,5255.649513297845,5103.6175165493005,5240.252248031248,29737
2024-01-04,5043.0244140625,5152.4018908579965,5018.009513388593,5152.4018908579965,35282
2024-01-05,4981.83203125,5102.571192687934,4956.6677390790865,5102.571192687934,43847
2024-01-08,4888.201171875,5010.185602420595,4873.401481095372,5002.96021167664,38918
2024-01-09,4826.2626953125,4931.205082553174,4807.675609410802,4923.531023890755,38341
2024-01-10,4776.73095703125,4850.380018422232,4747.380725518662,4850.380018422232,37795
2024-01-11,4969.375,4977.996028938473,4852.772128577503,4853.469947244119,40979
2024-01-12,4953.13037109375,5030.8656163543765,4922.684261349557,5017.909742144272,20565
2024-01-15,4953.13037109375,4953.13037109375,4953.13037109375,4953.13037109375,0
2024-01-16,4999.37255859375,5082.6888894794,4945.406459180226,4983.327110068857,23847
2024-01-17,4806.33056640625,5012.727220255341,4773.741364943823,4953.18002890766,39544
2024-01-18,4682.6015625,4869.415497426379,4639.249214129544,4830.298723322003,47651
2024-01-19,4650.7099609375,4777.727547306744,4632.721423374092,4722.515690914203,35910
2024-01-23,4668.8486328125,4819.585247511874,4636.458947009329,4797.111983242612,38419
2024-01-24,4762.1806640625,4784.205747748121,4658.683062956108,4783.507929096188,24881
2024-01-25,4732.88037109375,4783.707260739103,4647.421434092004,4783.707260739103,29326
2024-01-29,4657.63671875,4853.46973795068,4624.250427944795,4732.880448773671,133615
2024-01-30,4499.724609375,4714.941816334303,4484.725887445438,4681.057220740272,98465
2024-01-31,4361.4453125,4532.5627051427355,4326.314961718056,4532.5627051427355,180506
2024-02-01,4310.0703125,4565.450511951558,4277.630993033842,4362.1429580467075,120972
2024-02-02,4238.6640625,4375.896383914625,4220.6254008880705,4345.151485464661,83177
2024-02-05,4160.9287109375,4300.104604820361,4089.571642825274,4239.560806282128,51763
2024-02-06,4116.72900390625,4223.864116880873,4097.046041289982,4174.432376732457,64172
2024-02-07,4168.552734375,4282.066032889155,4126.994079615836,4175.678368220091,65576
2024-02-08,4052.896240234375,4184.896612912234,4028.280128782725,4171.24340717148,78725
2024-02-09,4142.939453125,4175.479017921102,4014.3775635391057,4053.195306166412,26710
2024-02-12,4107.01171875,4236.221538759846,4088.7740307368,4165.811449739141,45539
2024-02-13,4176.625,4209.064320146277,4054.1918952200203,4127.542170393415,46227
2024-02-14,4219.77783203125,4230.59110095682,4091.4648510540555,4176.625000845359,21389
2024-02-15,4255.60595703125,4297.314001530261,4220.625000786149,4239.56050846382,23965
2024-02-16,4299.05810546875,4373.902802546207,4228.149222219038,4255.506242714607,91594
2024-02-19,4317.146484375,4362.143134254149,4293.37734118503,4335.135022550053,19509
2024-02-20,4438.13427734375,4478.646201211144,4311.565355045955,4330.151953790896,65268
2024-02-21,4392.9384765625,4509.641109562365,4375.099330603046,4509.641109562365,24298
2024-02-22,4335.48388671875,4435.742516082811,4325.268678434429,4432.802334658751,16944
2024-02-23,4333.19189453125,4352.625705441608,4285.653608577902,4325.268684664401,13906
2024-02-26,4318.791015625,4383.072086470232,4279.42508851823,4316.299501251154,16525
2024-02-27,4249.52685546875,4370.116149444294,4237.567586644729,4335.234948707566,44229
2024-02-28,4239.0625,4310.270174519077,4210.708872148373,4242.5506200775835,17313
2024-02-29,4174.6318359375,4260.489318683984,4145.879664497163,4245.540233355267,25274
2024-03-01,4275.48828125,4309.323240938846,4215.742058817706,4260.43992380116,25481
2024-03-04,4224.8603515625,4305.286619307769,4189.730003648936,4290.685957755262,17140
2024-03-05,4114.5361328125,4225.4085132923665,4076.1670579358924,4184.9467125017245,57340
2024-03-06,4151.8095703125,4185.743798601619,4042.332340540969,4136.910120951266,44331
2024-03-07,4117.02783203125,4136.86067499975,4071.13433364183,4096.049476442576,30808
2024-03-11,4015.77294921875,4154.251268089295,4006.3550736408642,4117.078068647609,32207
2024-03-12,3989.013916015625,4101.979265013961,3972.470164718369,4051.2518908822567,31161
2024-03-13,3838.3271484375,4016.7694501387145,3780.773168471054,4016.2711472818623,96254
2024-03-14,3911.228759765625,3966.490494500234,3788.098082812912,3812.0166184581394,46578
2024-03-15,4019.41064453125,4036.253183949372,3883.9219016451716,3940.5790344039056,30039
2024-03-18,3899.0205078125,4020.207614293874,3861.8470667399447,4019.4105243877098,33359
2024-03-19,3824.075927734375,3935.596011124938,3800.306783849625,3930.6129824960126,28229
2024-03-20,3831.201416015625,3852.180014409983,3769.21259088568,3816.9997849619153,73471
2024-03-21,3958.866943359375,4020.357469394666,3836.932132675416,3850.3364313336715,79963
2024-03-22,4135.46484375,4145.8795676018135,3951.3421903998064,3975.410119891761,64305
2024-03-26,4157.888671875,4198.6502348515205,4074.1241563146114,4185.694360577526,44943
2024-03-27,4317.79443359375,4355.167149406737,4126.944431508764,4162.373571449914,52734
2024-03-28,4300.25390625,4431.905618646327,4268.462281237287,4366.129641396347,41032
2024-04-01,4349.78515625,4409.980040724038,4304.339840878445,4364.68411887655,18335
2024-04-02,4335.83251953125,4382.822377317739,4292.9283554988415,4358.903842372454,38858
2024-04-03,4399.0673828125,4459.511910391219,4322.528256441888,4335.833040428377,24619
2024-04-04,4470.27490234375,4549.5050561139715,4434.8953997167955,4472.766416613254,35677
2024-04-05,4363.58837890625,4517.762987205884,4340.217780821508,4463.796886406322,39898
2024-04-08,4455.37548828125,4508.64425844224,4375.148728156449,4375.148728156449,22431
2024-04-09,4354.12060546875,4482.732374567063,4329.005947537946,4469.7765006521295,51179
2024-04-10,4400.4130859375,4452.734889652061,4357.708430723785,4365.133338471895,27201
2024-04-12,4446.00732421875,4524.589779273863,4429.065027688429,4429.065027688429,36882
2024-04-15,4308.77490234375,4519.208088514713,4279.474306865294,4368.371725705314,55529
2024-04-16,4264.97412109375,4389.99850162745,4252.516549762129,4359.950450276477,25467
2024-04-18,4332.5439453125,4383.022415417883,4264.9742706893085,4335.234975464071,18612
2024-04-19,4300.00439453125,4334.237895329129,4245.539994045088,4301.300273827683,21647
2024-04-22,4248.52978515625,4360.149615308138,4235.57391201362,4360.149615308138,28359
2024-04-23,4288.294921875,4369.070112477286,4258.296990513192,4290.985952135861,22355
2024-04-24,4589.2197265625,4633.170134027534,4313.309348912751,4335.234673699277,138438
2024-04-25,4576.1640625,4738.561150269678,4554.487889285131,4644.481186189733,103322
2024-04-26,4668.69921875,4704.228115080778,4606.062452385908,4662.8193423702105,47775
2024-04-29,4408.4853515625,4489.708716805485,4353.273492636216,4469.378057676802,157942
2024-04-30,4411.37548828125,4450.243111595599,4345.300723296412,4403.253248939055,47056
2024-05-02,4420.494140625,4459.8104294515,4386.111244576715,4444.861344213115,21629
2024-05-03,4374.3515625,4454.827472660478,4320.086187562672,4454.827472660478,43645
2024-05-06,4314.55517578125,4414.963198870691,4285.4044594004445,4409.980170429528,47657
2024-05-07,4289.24169921875,4377.042761987692,4275.438612434247,4320.236234969335,33082
2024-05-08,4292.87939453125,4365.133313533807,4246.935770778634,4285.404851186158,20151
2024-05-09,4287.54736328125,4364.884067405661,4275.438700649646,4310.3199021700975,16877
2024-05-10,4286.25146484375,4325.26847833158,4266.668261339208,4305.336365528208,29079
2024-05-13,4310.71826171875,4350.183945351873,4257.599371766412,4286.351543964821,16905
2024-05-14,4329.005859375,4415.6609166369535,4302.346657823741,4355.166758093525,21713
2024-05-15,4357.359375,4457.8170288888,4324.770175913916,4335.683202324317,27113
2024-05-16,4389.400390625,4414.963229380044,4331.248350989994,4384.068452831335,15905
2024-05-17,4433.46337890625,4447.251562000338,4374.313039415295,4406.286090411479,23135
2024-05-21,4380.5576171875,4483.620647449018,4366.319618431744,4443.254769603196,31234
2024-05-22,4301.57470703125,4428.317494016719,4290.433706355313,4380.557942424053,111365
2024-05-23,4292.681640625,4351.282638343253,4285.387983527795,4326.35345504205,79521
2024-05-24,4425.419921875,4460.240670742779,4281.391414456274,4293.381308732464,59355
2024-05-27,4361.77392578125,4451.198555290619,4326.353584084545,4446.252528678112,28600
2024-05-28,4252.765625,4396.294553003009,4220.39300813826,4338.343397531606,48239
2024-05-29,4186.8212890625,4252.765708654716,4161.492539417843,4252.765708654716,49365
2024-05-30,4193.11572265625,4236.529326687308,4107.537949785328,4216.446156189269,24074
2024-05-31,4227.53662109375,4255.413025849212,4123.524197623785,4208.452609738643,27892
2024-06-03,4277.8447265625,4316.362067923375,4198.511200110637,4281.341779163827,34207
2024-06-04,4154.64794921875,4296.37858211196,4096.547020153264,4296.37858211196,125334
2024-06-05,4186.021484375,4229.8346527196345,4076.7637222122203,4154.6480261406205,123823
2024-06-06,4295.57958984375,4324.355140547808,4188.469674024125,4188.469674024125,52353
2024-06-07,4367.7685546875,4386.302736707127,4278.393694437339,4326.553295487233,29727
2024-06-10,4435.6611328125,4456.24388149836,4366.369440354658,4406.285990450171,30237
2024-06-11,4414.279296875,4472.530003267912,4378.3096149629355,4449.449847670366,33152
2024-06-12,4390.099609375,4436.2608976471865,4338.443440743795,4411.281951151425,35596
2024-06-13,4413.8798828125,4446.252500070464,4396.294606811244,4396.294606811244,22261
2024-06-14,4709.130859375,4751.395040375208,4395.295287849307,4395.295287849307,384889
2024-06-18,4764.2841796875,4808.1475995863875,4655.676014144606,4795.957678671746,116996
2024-06-19,4886.38134765625,4979.802604379664,4766.732198002465,4835.923877447347,218616
2024-06-20,4841.46923828125,4945.831473305383,4795.957792296129,4935.790131825785,98578
2024-06-21,4840.52001953125,4999.785676727502,4821.485770545914,4846.01538748129,96663
2024-06-24,4826.681640625,4945.831210700979,4800.353734484939,4837.522600549734,45731
2024-06-25,5459.1982421875,5685.207933752891,4854.907794394605,4944.831997213191,1803473
2024-06-26,5481.1796875,5602.677374072874,5177.2859389061905,5340.398450452782,450904
2024-06-27,5453.95263671875,5480.380555786641,5382.0132748196365,5479.581424691326,268559
2024-06-28,5536.8828125,5662.976724309447,5354.436985186053,5354.436985186053,190965
2024-07-01,5571.30419921875,5623.210644931585,5495.368202242311,5600.230014267662,71915
2024-07-02,5690.50341796875,5786.323044564517,5510.355455610584,5571.304083496757,178597
2024-07-03,5759.595703125,5835.081884062759,5680.212416249449,5762.842966159795,100401
2024-07-04,5696.04931640625,5794.116565075059,5630.154658856657,5794.116565075059,60543
2024-07-05,5676.8154296875,5760.8447038017,5630.254575552575,5685.208258188847,31373
2024-07-08,5524.09375,5726.073404008632,5497.116489091115,5676.81511905264,35879
2024-07-09,5423.52880859375,5530.238671539156,5345.494483144307,5521.346264272045,52409
2024-07-10,5290.14111328125,5423.528682804333,5197.619001191607,5423.428669447912,41381
2024-07-11,5363.92919921875,5482.828984349359,5246.278361410942,5290.141293813686,78004
2024-07-12,5246.9775390625,5374.819983631179,5195.620922136926,5345.494602583184,39210
2024-07-15,5251.1240234375,5319.46681301645,5145.663103902627,5271.507234572308,50102
2024-07-16,5336.30224609375,5368.025508996205,5237.935444871013,5284.546062711157,35145
2024-07-18,5197.06982421875,5367.476001378071,5174.388745743984,5365.477685666463,28048
2024-07-19,5098.45263671875,5244.579469920478,5066.080020475759,5225.595471077177,25957
2024-07-22,5269.908203125,5319.51629185653,5005.780732945383,5005.780732945383,34301
2024-07-23,5234.23828125,5313.471793110693,5002.283879163985,5270.557767420358,33037
2024-07-24,5308.775390625,5350.490230423352,5205.612343698536,5279.550023820167,29510
2024-07-25,5203.1640625,5246.028322879475,4993.740975651677,5095.7048350961295,100853
2024-07-26,5319.36669921875,5335.503001170752,5165.64616405483,5185.629321362586,55794
2024-07-29,5347.74267578125,5405.44404240769,5287.643427856032,5320.515623996479,19850
2024-07-30,5495.0185546875,5525.842672957787,5321.614899208668,5394.453411318885,36178
2024-07-31,5584.79296875,5681.211704143931,5455.402023324984,5495.3683385141785,87367
2024-08-01,5539.630859375,5633.152134862068,5464.744268714733,5590.2385964797695,36143
2024-08-02,5344.095703125,5483.328445247774,5316.818401460162,5475.38494529773,49440
2024-08-05,5178.63525390625,5294.537567132784,5086.762492368747,5281.548514788431,35398
2024-08-06,5173.7392578125,5342.347141648318,5122.2826295603845,5195.620716718519,80590
2024-08-07,5195.4208984375,5285.395357373113,5175.637767755106,5262.614265209996,19860
2024-08-08,5269.55859375,5330.507223673919,5195.42088482567,5247.177555089653,49446
2024-08-09,5265.8115234375,5361.880450668486,5235.5869992528815,5270.557523102853,27837
2024-08-12,5364.5283203125,5440.41455502976,5195.620878999955,5235.5871934538,102577
2024-08-13,5361.08154296875,5515.301657147926,5329.008477898621,5435.4187906193865,22921
2024-08-14,5347.642578125,5413.387457239596,5251.673661981127,5368.0253006483845,20423
2024-08-16,5426.07666015625,5519.7477116946875,5286.994175554015,5390.456779198579,75395
2024-08-19,5420.5810546875,5483.977814743581,5395.452332601337,5465.393381357279,9698
2024-08-20,5559.2646484375,5609.771883822424,5355.486204878118,5475.335387017769,50126
2024-08-21,5571.95361328125,5695.0998202088695,5515.701220599453,5599.3304412229945,38361
2024-08-22,5572.203125,5674.916841179602,5502.511867352465,5572.303138355579,24767
2024-08-23,5886.58837890625,6024.921981744576,5563.960398884022,5580.296727702066,110433
2024-08-26,6258.47509765625,6674.024757514327,6009.934577912966,6104.8048126574695,770596
2024-08-27,6236.3935546875,6351.097169652786,6169.799780941709,6239.79059383498,68734
2024-08-28,6150.76611328125,6286.401794757965,6039.409773009251,6142.872375775879,68246
2024-08-29,6037.31103515625,6144.97028885539,5953.581806081633,6059.941861909721,41955
2024-08-30,6033.814453125,6156.411320741648,5967.920283342508,6039.909413796474,55646
2024-09-02,5870.40234375,6147.718418003144,5828.087909987412,6119.192655697003,39500
2024-09-03,5829.88623046875,5932.799492592307,5797.613625941135,5845.073625464134,29679
2024-09-04,6014.48046875,6090.166676238978,5780.128189092214,5835.081871097413,78194
2024-09-05,6357.091796875,6436.574605431127,6078.626320365044,6078.6760831074835,297838
2024-09-06,6245.73583984375,6562.01906816438,6206.369117374592,6349.348706019094,138924
2024-09-09,6029.56787109375,6294.3949541176835,5976.362715147414,6294.3949541176835,42814
2024-09-10,5927.50390625,6148.317789651812,5896.530013103139,6046.803255183577,52599
2024-09-11,5949.38525390625,6026.870235934881,5919.060716352157,5966.920766452009,89182
2024-09-12,6107.302734375,6144.771154602734,5974.964078982622,6038.6106306241545,40221
2024-09-13,6326.66748046875,6418.489988936289,6084.871281752162,6173.096724400321,50149
2024-09-16,6404.501953125,6444.568281409792,6229.749338696131,6339.656704735678,38723
2024-09-17,6397.5078125,6672.226463328237,6223.804119654103,6436.025641015712,78080
2024-09-18,6394.11083984375,6494.526206576197,6275.510604584866,6480.887799116399,30076
2024-09-19,6132.8310546875,6439.572523209667,6097.860528960217,6402.0040894257745,42474
2024-09-20,6372.5791015625,6509.513491841474,6139.82508171387,6144.771108294678,119012
2024-09-23,6475.1923828125,6509.51355338093,6276.959558054849,6394.610397795541,37525
2024-09-24,6497.8232421875,6621.5192803837,6410.197388883006,6475.192413792289,45093
2024-09-25,6598.98779296875,7115.2528499862265,6306.934148123652,6538.788532415943,705129
2024-09-26,6582.35205078125,6824.6980854823005,6544.484064986864,6594.54197197398,123920
2024-09-27,6391.11328125,6672.92556182723,6347.449887416664,6545.6329474445065,43624
2024-09-30,6469.1474609375,6523.501549964513,6307.683456107516,6391.113135908717,46919
2024-10-01,6508.46435546875,6613.375927837847,6398.107177766768,6467.79843655481,39436
2024-10-03,6322.52099609375,6604.433281322329,6249.782013072142,6394.6101362273685,43617
2024-10-04,6411.69580078125,6504.517465502977,6127.035832929481,6304.685899742517,43606
2024-10-07,6055.59619140625,6429.630543169591,6007.886403952436,6384.618677065372,41949
2024-10-08,6194.4287109375,6255.627127706403,5927.204243417183,6039.909050906431,28512
2024-10-09,6211.01513671875,6368.882080873435,6164.853847773598,6269.715661839558,26852
2024-10-10,6216.46044921875,6323.669888939308,6170.898754720169,6303.686732393442,18326
2024-10-11,6222.85498046875,6259.723806832832,6161.806339463381,6214.761704469309,14940
2024-10-14,6277.0595703125,6349.64829231945,6194.778821775073,6216.26071607639,11290
2024-10-15,6167.80126953125,6313.578298998327,6155.811375600523,6277.059275549002,29221
2024-10-16,6128.03515625,6252.03025585691,6065.737566367781,6155.811549492811,20405
2024-10-17,6099.55908203125,6186.236024950169,6020.075782863117,6128.035080569454,14328
2024-10-18,5990.0009765625,6119.741718859505,5971.167241690809,6085.620576408173,36512
2024-10-21,5895.78076171875,6049.900862128888,5858.062552380126,6033.164967919035,60495
2024-10-22,5489.72314453125,5933.998594170202,5446.909132197146,5895.031437212357,46571
2024-10-23,5591.08740234375,5670.420927355266,5288.892397903377,5567.008088022124,127784
2024-10-24,5300.33251953125,5565.259621352181,5255.720217823398,5529.339700466577,79971
2024-10-25,5226.5947265625,5361.131233831091,5145.762953867171,5314.970433766426,46989
2024-10-28,4955.22314453125,5172.590218783288,4936.339159499337,5055.788280517332,55330
2024-10-29,4945.1318359375,5001.284703210267,4828.929971154774,4955.223427968092,44632
2024-10-30,5037.9541015625,5137.569850344076,4939.836601743914,4945.731535713245,52298
2024-10-31,5094.85546875,5113.140349464864,5000.984884863927,5073.074023556805,31908
2024-11-01,5198.6181640625,5220.94943902778,5095.70490807587,5159.700771626339,4699
2024-11-04,4993.39111328125,5274.554020313461,4930.893500238987,5218.601183575905,47611
2024-11-05,5001.583984375,5043.74863922493,4926.097806762819,4995.838826951161,17638
2024-11-06,5027.8623046875,5114.689024108019,5003.782502975769,5003.782502975769,20009
2024-11-07,5014.07373046875,5225.595646130306,4996.78849451198,5077.070926725871,37913
2024-11-08,4993.24169921875,5053.590737072982,4940.8854364650915,5014.7733561978575,48828
2024-11-11,4964.166015625,5002.583342343845,4905.865057339029,4993.241606716028,19718
2024-11-12,4983.94921875,5059.735440567102,4960.818811693456,5002.633666018599,9468
2024-11-13,4666.56689453125,4970.86023277997,4650.080789454756,4955.823101782465,42940
2024-11-14,4686.69970703125,4816.040886841555,4647.58277448144,4745.99982345197,28030
2024-11-18,4655.92578125,4775.974498743788,4598.523967911015,4747.1486973436795,21339
2024-11-19,5005.03125,5068.178218617091,4616.109073214553,4616.109073214553,131886
2024-11-21,4958.021484375,4999.786089091891,4785.566734727194,4929.945050049691,78137
2024-11-22,5206.2119140625,5235.537294101854,4890.228248656504,4954.224112857909,45422
2024-11-25,5211.357421875,5393.653962058932,5135.671216687438,5285.544890326176,56328
2024-11-26,5090.609375,5225.595701890534,5051.042625457563,5201.965715650069,63482
2024-11-27,4986.3974609375,5087.711973359291,4957.321868778892,5069.2275524034485,19472
2024-11-28,4995.189453125,5080.417906961274,4948.429062808212,5001.034623882105,21126
2024-11-29,5095.00537109375,5121.183501612411,4950.976866237277,5064.731083732965,35203
2024-12-02,5019.81884765625,5120.933818161161,4977.304875892849,5103.448555624149,11189
2024-12-03,4942.93408203125,5042.450305184277,4871.893858667399,5020.668370518238,47597
2024-12-04,4965.56494140625,5039.652401638017,4915.856836202777,4946.8307309024285,29252
2024-12-05,4935.68994140625,4994.64025382183,4916.556166391133,4968.811926147097,21576
2024-12-06,4937.4384765625,4983.299723815182,4930.843937248706,4968.412369582705,15086
2024-12-09,4895.173828125,4974.307324488133,4837.922278833292,4947.080273249347,40845
2024-12-10,5083.71533203125,5108.344476386202,4906.115017513059,4920.303254664787,105154
2024-12-11,4984.2490234375,5095.70488313532,4952.225722577347,5095.70488313532,36435
2024-12-12,4998.38720703125,5058.736244189423,4865.299184957291,5004.831482504959,65429
2024-12-13,5091.0087890625,5150.758721110137,4965.8145058242435,4972.708597403191,104231
2024-12-16,5026.56298828125,5136.820151787398,5001.434266569408,5095.604891527309,13610
2024-12-17,5093.55712890625,5385.461007852479,4991.792800599441,5055.738905330899,241446
2024-12-18,5658.9306640625,5889.7361336882295,5060.284831661451,5079.768410266221,365039
2024-12-19,5360.83154296875,5657.231614680317,5308.675309267874,5657.231614680317,234611
2024-12-20,5188.87646484375,5396.50126933845,5109.043850813076,5383.012638466569,91716
2024-12-23,5209.0595703125,5269.508618869108,5195.6207023862,5245.628356498653,33464
2024-12-24,5203.81396484375,5253.2220264306015,5155.654362664646,5230.441423231956,16984
2024-12-26,5361.380859375,5384.71129209218,5188.12699061811,5205.612252502716,50649
2024-12-27,5411.38916015625,5468.54069653133,5345.494504711831,5395.452397279231,47179
2024-12-30,5352.73828125,5535.534401276391,5257.56849800504,5405.343843390924,67743
2024-12-31,5380.56494140625,5414.336280996965,5238.58451583303,5299.233591414206,23429
2025-01-01,5319.71630859375,5424.427853930525,5297.035230726226,5424.427853930525,11261
2025-01-02,5332.35546875,5370.473241719548,5277.601327907755,5319.716219996982,16370
2025-01-03,5323.11328125,5395.452209597262,5297.484980828419,5343.9955820427695,10410
2025-01-06,5223.4970703125,5413.387306751274,5195.620664704725,5245.578555711501,38628
2025-01-07,5249.72509765625,5320.715555318581,5215.603954798007,5215.603954798007,12549
2025-01-08,5198.46826171875,5373.470652963365,5195.620564412327,5265.561610471725,64904
2025-01-09,5192.873046875,5268.0099110547135,5152.656944102049,5250.474398365853,13492
2025-01-10,5195.7705078125,5243.280755494691,5151.0581947847895,5192.873047670745,62113
2025-01-13,4970.560546875,5161.549473580634,4939.83644278607,5117.586527892408,42756
2025-01-14,4970.9599609375,5068.42809959538,4922.500806371747,4984.798394402964,25714
2025-01-15,4813.39306640625,4985.4980020203675,4778.072739665573,4970.959962922816,45145
2025-01-16,4846.86474609375,4946.980065366246,4819.937248118875,4847.913666640295,41852
2025-01-17,4729.263671875,4875.890079490836,4711.029041967068,4852.909450017826,17063
2025-01-20,4692.39501953125,4793.9593163948275,4631.0965884722855,4785.966053674703,32051
2025-01-21,4628.6484375,4775.474876631917,4586.084703987154,4705.833380322432,14519
2025-01-22,4561.85498046875,4628.098947720103,4489.066236879761,4607.116633837953,22081
2025-01-23,4616.80908203125,4685.750976808003,4498.208844709302,4562.5545155935915,19707
2025-01-24,4592.029296875,4645.084674338742,4512.846040165741,4642.087200898644,32203
2025-01-27,4574.89404296875,4586.13456887285,4496.210361640049,4576.142990291428,23648
2025-01-28,4407.53515625,4572.146415415132,4381.856603830088,4561.205441585118,51932
2025-01-29,4301.17431640625,4461.339604993843,4147.604054764322,4425.769489623116,102279
2025-01-30,4058.429443359375,4271.350080487248,4032.551108474451,4246.4208967804825,290414
2025-01-31,4173.68212890625,4224.389386911189,4085.306426949636,4085.306426949636,418448
2025-02-01,4303.0732421875,4366.269975237225,4180.526143455919,4180.526143455919,34545
2025-02-03,4229.28515625,4278.3936641389655,4161.641978602646,4271.399559596935,76336
2025-02-04,4382.85546875,4453.2960939121,4230.434140940869,4230.434140940869,73035
2025-02-05,4327.70263671875,4468.434123499023,4306.370518132641,4447.251781022827,40274
2025-02-06,4142.408203125,4352.381116089576,4104.640233636517,4334.64606523514,79236
2025-02-07,4086.605712890625,4145.256231329664,4046.5893912347424,4140.55999417206,54344
2025-02-10,4074.8154296875,4132.516794504383,4021.110696199925,4084.6572319099278,155149
2025-02-11,4008.171630859375,4114.581695530934,3988.6880532271853,4096.497329152979,23150
2025-02-12,4002.776123046875,4033.850029754668,3897.7147726974945,3996.6313998436244,26776
2025-02-13,4009.720458984375,4046.7890687989684,3968.9047633032637,4001.6271828383337,19380
2025-02-14,3929.73779296875,4021.160735365269,3860.745895302187,4011.7685053045057,24433
2025-02-17,4017.413818359375,4056.580756183802,3888.122649867779,3929.737719503432,23325
2025-02-18,3974.899658203125,4037.3470229081327,3880.878808329259,4021.6102870024706,18924
2025-02-19,4093.699462890625,4117.479712299385,3915.3000249959264,3915.3000249959264,36019
2025-02-20,4023.05908203125,4131.417702229888,4001.627194905465,4091.601408212129,21197
2025-02-21,4058.129638671875,4137.912247109474,3996.58141717057,4023.0591003535787,62010
2025-02-24,4045.290283203125,4086.5555506309747,3946.873236323626,3994.6330296876863,32867
2025-02-25,4075.364990234375,4094.6487850667677,4002.3264555661735,4002.3264555661735,19040
2025-02-27,4177.52880859375,4225.338610148589,4074.56578545077,4074.56578545077,137295
2025-02-28,4498.05908203125,4706.033700988168,4124.073987975903,4177.47917278801,350279
2025-03-03,4483.0712890625,4585.135161135475,4269.950636813314,4377.510364676608,108786
2025-03-04,4527.2841796875,4594.977123247163,4420.624080425595,4445.6030263885705,76679
2025-03-05,5099.15234375,5243.530653613521,4411.531713667206,4546.018458352841,277929
2025-03-06,4950.02783203125,5194.621469491737,4818.738105114492,4985.797486586606,245819
2025-03-07,4996.4384765625,5045.646999409774,4895.87333911969,4895.87333911969,44454
2025-03-10,4995.33935546875,5192.623265004916,4954.573910976164,4994.939789909026,34138
2025-03-11,4896.72265625,5035.755368094721,4745.999602867048,4955.822743204329,25543
2025-03-12,4880.93603515625,4945.431969410337,4821.9359571444365,4914.85764052911,13453
2025-03-13,4731.06201171875,4919.853075809533,4697.290672755802,4919.853075809533,11264
2025-03-17,4781.17041015625,4823.934171624955,4598.3742836290285,4677.057965488072,31322
2025-03-18,4781.17041015625,4781.17041015625,4781.17041015625,4781.17041015625,0
2025-03-19,4729.4638671875,4945.781539286402,4708.1815124991645,4945.781539286402,34182
2025-03-20,4725.71728515625,4802.502178993892,4679.056416370703,4731.911771375381,18832
2025-03-21,4810.3955078125,4848.363504547589,4697.090621996504,4743.551460106547,44086
2025-03-24,4791.51123046875,4857.4556485419025,4746.84916731396,4817.489334558174,63615
2025-03-25,4878.8876953125,4889.17882583758,4750.0460976843415,4845.915486845305,31207
2025-03-26,4883.78369140625,4959.819703450975,4828.430442571885,4878.887915380965,48852
2025-03-27,4790.5625,4847.41448616562,4731.5619340824405,4845.915749335928,31122
2025-03-28,4873.1923828125,4925.7481832550475,4748.098112813213,4795.957676216449,40521
2025-04-01,4751.64501953125,4900.819582013212,4674.560087554164,4900.819582013212,21322
2025-04-02,4792.06103515625,4805.949231619562,4665.967120043496,4756.241128860088,21538
2025-04-03,4680.1552734375,4785.96598970691,4658.173801250955,4775.974411440297,11641
2025-04-04,4585.884765625,4743.452154528465,4518.941189330675,4680.15540683139,15340
2025-04-07,4445.103515625,4483.37106627901,3696.884059203764,3696.884059203764,37582
2025-04-08,4394.7958984375,4571.097500037562,4362.822846544809,4483.221370078223,74146
2025-04-09,4286.88671875,4441.056578538035,4213.997959068058,4395.295344547547,19157
2025-04-11,4360.474609375,4404.787357351306,4288.38546847041,4346.336623449741,15350
2025-04-15,4605.21875,4676.158960523148,4373.314105067919,4396.29473664584,33179
2025-04-16,4584.8359375,4665.068119737917,4567.150647959311,4665.068119737917,10318
2025-04-17,4755.89111328125,4805.949016620889,4552.362962201666,4660.07197786275,28219
2025-04-21,4768.48095703125,4823.334626778562,4712.028537110398,4795.957798585647,25465
2025-04-22,4773.57666015625,4799.654777715899,4726.016648738697,4768.480857527576,10386
2025-04-23,4842.21826171875,4885.881652823484,4768.980189964517,4768.980189964517,13451
2025-04-24,4875.390625,4946.430844192512,4787.464736076954,4845.815455697332,12832
2025-04-25,4775.57470703125,4909.76140410228,4664.368151435235,4895.673181581973,17255
2025-04-28,4744.1015625,4815.940915512157,4659.3726827166765,4703.935221127169,13678
2025-04-29,4876.9892578125,4950.826922001546,4758.888610155796,4795.957462282023,44294
2025-04-30,4601.42138671875,4856.906240517305,4586.334493692046,4856.906240517305,30167
2025-05-02,4628.8984375,4684.0521476977065,4546.268373435645,4546.268373435645,14596
2025-05-05,4804.9501953125,4829.229536397811,4582.137990372868,4610.114410724033,13758
2025-05-06,4760.087890625,4819.437767843133,4689.447237264795,4816.939873281174,13112
2025-05-07,4640.18896484375,4795.45799368255,4601.121796209635,4646.083898452726,119490
2025-05-08,4573.24560546875,4686.050431938635,4516.193593254292,4677.357563281473,19734
2025-05-09,4863.40087890625,4944.832244418497,4416.177723623266,4416.277736983179,281307
2025-05-12,5027.16259765625,5275.053752329001,4905.864934924784,4915.856513203654,141381
2025-05-13,5151.85791015625,5233.588827278445,5008.878324001954,5075.721886707618,75392
2025-05-14,5331.20654296875,5485.3763985111345,5152.656846470295,5152.656846470295,150035
2025-05-15,5337.60107421875,5475.384839672263,5295.536432529744,5352.088862571897,98832
2025-05-16,5245.17919921875,5405.444022382286,5225.695620949535,5295.536657786713,31927
2025-05-19,5307.5263671875,5433.620279869222,5245.179016472255,5245.179016472255,32798
2025-05-20,5246.47802734375,5424.628170505298,5223.697422772083,5308.525829417446,38441
2025-05-21,5294.23779296875,5434.419441475642,5237.685362174018,5292.139463950158,51479
2025-05-22,5535.833984375,5661.228292657476,5294.737393956786,5345.494416822715,210743
2025-05-23,5493.0703125,5685.408198814323,5451.005669399586,5545.326072958419,88055
2025-05-26,5467.9912109375,5558.314980747929,5403.045952309311,5556.316665097831,25537
2025-05-27,5707.3896484375,5733.16772574053,5459.998067961199,5490.3723689341605,94989
2025-05-28,5684.6083984375,5837.379531404528,5665.224834320884,5670.220623416405,95301
2025-05-29,5596.38330078125,5782.6262320904625,5578.198432212225,5745.0577982181185,43811
2025-05-30,5599.68017578125,5675.2166070690655,5565.409256559115,5641.145226695575,20421
2025-06-02,5582.79443359375,5665.224955432047,5560.812961103537,5627.256957494407,27113
2025-06-03,5509.3564453125,5603.277284242383,5422.929290339788,5564.310127665091,77191
2025-06-04,5517.84912109375,5578.298169862636,5488.3739650824755,5515.351226516524,47287
2025-06-05,5501.86279296875,5693.201524441285,5472.887214834528,5566.808054304075,98868
2025-06-06,5599.7802734375,5690.703639461733,5496.867012992489,5528.340485847031,67420
2025-06-09,5547.82373046875,5744.6578186996985,5525.842258686614,5624.758881706228,27702
2025-06-10,5467.89111328125,5609.771522250813,5455.40164066069,5575.300577818068,22046
2025-06-11,5389.45751953125,5514.352252557095,5358.483625740841,5505.359831779234,24576
2025-06-12,5254.5712890625,5424.927707542279,5233.588973589917,5393.454234333404,23063
2025-06-13,5297.03515625,5315.019996920093,5185.629059876922,5254.57094911228,15290
2025-06-16,5256.06982421875,5294.53740110924,5148.160777357117,5294.53740110924,72912
2025-06-17,5285.04541015625,5420.431297872702,5249.575306732382,5265.062253297733,50090
2025-06-18,5241.08251953125,5345.494515202018,5221.099362465075,5345.494515202018,27063
2025-06-19,5186.62841796875,5283.0471508398705,5171.641050164949,5274.554309084383,19023
2025-06-20,5155.654296875,5244.579341917999,5105.6964064014055,5225.595343538033,52916
2025-06-23,5266.56103515625,5290.540823591793,5095.705042553002,5095.705042553002,59961
2025-06-24,5242.5810546875,5314.520417359026,5189.625690498738,5295.536418876262,27579
2025-06-25,5460.89697265625,5489.872548945159,5212.106679692861,5242.5809926863685,230437
2025-06-26,5467.3916015625,5575.300646330181,5420.431183932121,5463.894549185769,50772
2025-06-27,5489.87255859375,5515.351082616708,5377.966884453701,5493.869189813037,27099
2025-06-30,5565.80859375,5590.787539058994,5472.387338294364,5533.835543754488,94452
2025-07-01,5696.19873046875,5815.098511020545,5518.3486385509395,5592.286317213399,94421
2025-07-02,5742.65966796875,5774.632718751699,5655.732936152607,5701.694196653097,35323
2025-07-03,5748.1552734375,5793.117377957696,5724.675063299175,5760.1451679762185,12958
2025-07-04,5898.02880859375,6363.136789349364,5725.174499956325,5725.174499956325,342426
2025-07-07,5871.05126953125,5923.007475456306,5850.568534503103,5901.525582621907,42576
2025-07-08,5838.5791015625,5917.512574485138,5780.128365284344,5888.037416874787,95542
2025-07-09,5984.4560546875,6020.425737961355,5826.589111430028,5830.086163970542,66838
2025-07-10,5947.4873046875,6062.390461350929,5909.019726152352,5974.964146498321,17887
2025-07-11,5932.0,6016.428836112515,5889.03621357588,5934.997473471451,10768
2025-07-14,5955.0,5973.0,5900.0,5948.0,7330
2025-07-15,6129.0,6174.0,5963.0,5970.0,46875
2025-07-16,6201.0,6230.0,6100.0,6100.0,33371
2025-07-17,6490.5,6533.5,6201.5,6250.0,195827
2025-07-18,6402.5,6510.5,6345.5,6500.0,64594
2025-07-21,6532.0,6554.0,6414.0,6435.0,77096
2025-07-22,6555.5,6688.0,6520.5,6585.0,87516
2025-07-23,6405.5,6619.5,6370.0,6575.0,32889
2025-07-24,6336.0,6456.5,6283.5,6406.5,21793
2025-07-25,6276.5,6379.0,6190.0,6371.5,23018
2025-07-28,6236.0,6380.0,6210.5,6276.5,17540
2025-07-29,6448.0,6500.0,5954.0,6200.5,118747
2025-07-30,6863.5,7067.0,6466.0,6494.0,509760
2025-07-31,6752.0,6881.0,6606.5,6825.0,54212
2025-08-01,6465.0,6675.0,6417.0,6674.0,55890
2025-08-04,6628.0,6650.0,6405.5,6433.0,38577
2025-08-05,6457.5,6687.0,6401.0,6649.0,36047
2025-08-06,6347.5,6506.5,6255.0,6471.0,36006
2025-08-07,6399.0,6440.0,6277.5,6300.0,24727
2025-08-08,6520.0,6598.0,6380.5,6460.5,22558
2025-08-11,6859.0,7020.0,6505.0,6611.0,95962
2025-08-12,6881.0,6950.0,6750.5,6910.0,60841
2025-08-13,7013.5,7066.0,6881.0,6912.0,32866
2025-08-14,7093.0,7248.5,6890.0,6995.5,45640
2025-08-18,6882.5,7123.0,6710.5,7123.0,54879
