Price,Close,High,Low,Open,Volume,Symbol,Day,Week,Month,Change,Trend
Ticker,NUVAMA.NS,NUVAMA.NS,NUVAMA.NS,NUVAMA.NS,NUVAMA.NS,,,,,,
Date,,,,,,,,,,,
2023-09-26,2529.840576171875,2701.7244813471893,2529.840576171875,2662.9900801809213,89029,NUVAMA.NS,2023-09-26,2023-39,2023-09,,no change
2023-09-27,2403.372802734375,2403.372802734375,2403.372802734375,2403.372802734375,1936,NUVAMA.NS,2023-09-27,2023-39,2023-09,-126.4677734375,down
2023-09-28,2285.329833984375,2366.5269228641764,2283.199489049462,2283.199489049462,143979,NUVAMA.NS,2023-09-28,2023-39,2023-09,-118.04296875,down
2023-09-29,2333.989990234375,2357.9569033173752,2171.063399276203,2171.063399276203,81364,NUVAMA.NS,2023-09-29,2023-39,2023-09,48.66015625,up
2023-10-03,2225.96923828125,2313.4121995969404,2217.3024629665524,2313.4121995969404,201692,NUVAMA.NS,2023-10-03,2023-40,2023-10,-108.020751953125,down
2023-10-04,2114.704833984375,2221.418069737374,2114.704833984375,2184.620385931785,52478,NUVAMA.NS,2023-10-04,2023-40,2023-10,-111.264404296875,down
2023-10-05,2107.82958984375,2173.9201731735225,2033.5564101468378,2058.7337752248463,93177,NUVAMA.NS,2023-10-05,2023-40,2023-10,-6.875244140625,down
2023-10-06,2213.18701171875,2213.18701171875,2057.9588401832925,2111.0250210224785,30739,NUVAMA.NS,2023-10-06,2023-40,2023-10,105.357421875,up
2023-10-09,2169.94970703125,2249.5003903678607,2131.8931098808653,2216.5761487524896,11473,NUVAMA.NS,2023-10-09,2023-41,2023-10,-43.2373046875,down
2023-10-10,2278.40625,2278.40625,2188.4939164332154,2188.4939164332154,21819,NUVAMA.NS,2023-10-10,2023-41,2023-10,108.45654296875,up
2023-10-11,2281.214599609375,2362.7989485500902,2212.9936690543295,2340.5266633793312,28360,NUVAMA.NS,2023-10-11,2023-41,2023-10,2.808349609375,up
2023-10-12,2289.203125,2348.2730871933163,2236.960148343378,2308.5218604341176,15581,NUVAMA.NS,2023-10-12,2023-41,2023-10,7.988525390625,up
2023-10-13,2271.191650390625,2328.906006063648,2251.43719920914,2284.167817388377,21684,NUVAMA.NS,2023-10-13,2023-41,2023-10,-18.011474609375,down
2023-10-16,2274.822998046875,2289.2032398688107,2229.164914626904,2229.164914626904,43372,NUVAMA.NS,2023-10-16,2023-42,2023-10,3.63134765625,up
2023-10-17,2277.244140625,2324.0644502623345,2260.1526778801203,2285.3300427579625,33682,NUVAMA.NS,2023-10-17,2023-42,2023-10,2.421142578125,up
2023-10-18,2279.083984375,2290.171660352271,2246.789080137231,2277.631444209872,30262,NUVAMA.NS,2023-10-18,2023-42,2023-10,1.83984375,up
2023-10-19,2480.115234375,2506.9389967509646,2261.1691700775127,2279.5195456447614,114280,NUVAMA.NS,2023-10-19,2023-42,2023-10,201.03125,up
2023-10-20,2480.9384765625,2508.052558273566,2461.23225475251,2477.1135016043236,51282,NUVAMA.NS,2023-10-20,2023-42,2023-10,0.8232421875,up
2023-10-23,2435.377197265625,2516.767911323254,2382.407946838413,2483.8436677738155,59528,NUVAMA.NS,2023-10-23,2023-43,2023-10,-45.561279296875,down
2023-10-25,2446.99755859375,2517.736312661546,2419.0605109740363,2459.6347054462794,34781,NUVAMA.NS,2023-10-25,2023-43,2023-10,11.620361328125,up
2023-10-26,2618.978271484375,2638.2485422880245,2383.7152400411114,2420.9001721184377,98080,NUVAMA.NS,2023-10-26,2023-43,2023-10,171.980712890625,up
2023-10-27,2627.7421875,2665.847017406316,2590.3633912873397,2643.6231993325,33254,NUVAMA.NS,2023-10-27,2023-43,2023-10,8.763916015625,up
2023-10-30,2772.511962890625,2854.580483319697,2721.1888763686093,2808.244356865006,97836,NUVAMA.NS,2023-10-30,2023-44,2023-10,144.769775390625,up
2023-10-31,2830.855712890625,2914.8609551262875,2745.4461593176065,2906.0487832763574,162341,NUVAMA.NS,2023-10-31,2023-44,2023-10,58.34375,up
2023-11-01,2804.322265625,2883.727790464335,2751.5951076947695,2856.662174098036,38693,NUVAMA.NS,2023-11-01,2023-44,2023-11,-26.533447265625,down
2023-11-02,2788.44140625,2884.647841474344,2770.236188871264,2857.5337583533465,33968,NUVAMA.NS,2023-11-02,2023-44,2023-11,-15.880859375,down
2023-11-03,2787.763671875,2875.739048374185,2751.6922568117825,2875.739048374185,22984,NUVAMA.NS,2023-11-03,2023-44,2023-11,-0.677734375,down
2023-11-06,2721.38232421875,2809.3576938303972,2658.1483650101654,2805.3390941473403,45477,NUVAMA.NS,2023-11-06,2023-45,2023-11,-66.38134765625,down
2023-11-07,2668.025634765625,2732.7121351414794,2653.161449445004,2721.0918142266323,21655,NUVAMA.NS,2023-11-07,2023-45,2023-11,-53.356689453125,down
2023-11-08,2648.99755859375,2690.104398172464,2628.613530899623,2668.8489409416748,34055,NUVAMA.NS,2023-11-08,2023-45,2023-11,-19.028076171875,down
2023-11-09,2617.04150390625,2651.8055351812727,2547.3195802131236,2614.7172979335287,53276,NUVAMA.NS,2023-11-09,2023-45,2023-11,-31.9560546875,down
2023-11-10,2569.10791015625,2650.4016964186544,2535.7961795756005,2594.236808441935,276469,NUVAMA.NS,2023-11-10,2023-45,2023-11,-47.93359375,down
2023-11-13,2660.472412109375,2816.5237821932565,2626.7736701683466,2653.3066420221535,477945,NUVAMA.NS,2023-11-13,2023-46,2023-11,91.364501953125,up
2023-11-15,2715.475341796875,2793.1377744381457,2668.3162522680864,2692.0895399770543,272066,NUVAMA.NS,2023-11-15,2023-46,2023-11,55.0029296875,up
2023-11-16,2807.130615234375,2876.7071427225974,2671.560208730584,2735.6171312372144,243270,NUVAMA.NS,2023-11-16,2023-46,2023-11,91.6552734375,up
2023-11-17,3023.026611328125,3074.1560719567015,2778.4672204772496,2827.61149561508,370308,NUVAMA.NS,2023-11-17,2023-46,2023-11,215.89599609375,up
2023-11-20,3111.09912109375,3161.1148290654937,2959.308665181698,3049.3661605553557,317244,NUVAMA.NS,2023-11-20,2023-47,2023-11,88.072509765625,up
2023-11-21,3104.223388671875,3209.145297662468,3065.053270810107,3148.138612764237,104611,NUVAMA.NS,2023-11-21,2023-47,2023-11,-6.875732421875,down
2023-11-22,3073.236083984375,3126.8349126527874,3018.572201004578,3119.0880314817678,110815,NUVAMA.NS,2023-11-22,2023-47,2023-11,-30.9873046875,down
2023-11-23,3117.683837890625,3150.0754362708844,3065.053371371757,3092.9421898091623,88417,NUVAMA.NS,2023-11-23,2023-47,2023-11,44.44775390625,up
2023-11-24,3064.0849609375,3153.9488249083006,3045.492494423275,3135.549983129591,91066,NUVAMA.NS,2023-11-24,2023-47,2023-11,-53.598876953125,down
2023-11-28,3085.630859375,3092.8450945235295,3042.5873020822805,3064.9565139873625,55462,NUVAMA.NS,2023-11-28,2023-48,2023-11,21.5458984375,up
2023-11-29,3069.895263671875,3114.2462052966857,3040.6993000636385,3114.2462052966857,92808,NUVAMA.NS,2023-11-29,2023-48,2023-11,-15.735595703125,down
2023-11-30,3043.26513671875,3083.839565394882,2982.5490077723057,3069.89503857386,92658,NUVAMA.NS,2023-11-30,2023-48,2023-11,-26.630126953125,down
2023-12-01,3075.560302734375,3118.1196840581065,3045.5411380741884,3050.7217230288147,86431,NUVAMA.NS,2023-12-01,2023-48,2023-12,32.295166015625,up
2023-12-04,3208.6611328125,3340.842284051041,3123.542376141788,3340.842284051041,328880,NUVAMA.NS,2023-12-04,2023-49,2023-12,133.100830078125,up
2023-12-05,3145.766357421875,3243.0380855010358,3113.810473032047,3243.0380855010358,107286,NUVAMA.NS,2023-12-05,2023-49,2023-12,-62.894775390625,down
2023-12-06,3143.92626953125,3181.1599050471427,3120.4435367669025,3149.1070907075336,51204,NUVAMA.NS,2023-12-06,2023-49,2023-12,-1.840087890625,down
2023-12-07,3133.61328125,3157.2411731058646,3108.532849245225,3142.3285221434644,110224,NUVAMA.NS,2023-12-07,2023-49,2023-12,-10.31298828125,down
2023-12-08,3065.053466796875,3164.6009364380507,3010.0505635804698,3164.6009364380507,64663,NUVAMA.NS,2023-12-08,2023-49,2023-12,-68.559814453125,down
2023-12-11,3099.57568359375,3135.0659885580326,3051.351300795423,3092.9423219936234,155404,NUVAMA.NS,2023-12-11,2023-50,2023-12,34.522216796875,up
2023-12-12,3164.164794921875,3183.9677098241655,3111.4376397111837,3134.581349361564,228446,NUVAMA.NS,2023-12-12,2023-50,2023-12,64.589111328125,up
2023-12-13,3440.53515625,3495.780150228652,3166.537698406563,3191.037257545947,288681,NUVAMA.NS,2023-12-13,2023-50,2023-12,276.370361328125,up
2023-12-14,3478.639892578125,3524.830620180248,3413.614372666665,3500.6700839542514,135882,NUVAMA.NS,2023-12-14,2023-50,2023-12,38.104736328125,up
2023-12-15,3594.794921875,3650.7177198380364,3490.8898317964,3509.3371397063775,195508,NUVAMA.NS,2023-12-15,2023-50,2023-12,116.155029296875,up
2023-12-18,3500.621826171875,3577.945476151799,3452.6395350472235,3550.1533516355244,73181,NUVAMA.NS,2023-12-18,2023-51,2023-12,-94.173095703125,down
2023-12-19,3505.560302734375,3555.672935195548,3447.458699880841,3510.3051724010024,54651,NUVAMA.NS,2023-12-19,2023-51,2023-12,4.9384765625,up
2023-12-20,3452.203857421875,3626.5086805175097,3403.8827815856707,3557.755111407565,103035,NUVAMA.NS,2023-12-20,2023-51,2023-12,-53.3564453125,down
2023-12-21,3550.00830078125,3557.755181961351,3365.05151260634,3390.228876441668,43279,NUVAMA.NS,2023-12-21,2023-51,2023-12,97.804443359375,up
2023-12-22,3507.739501953125,3583.8524682848106,3453.22077794462,3563.5653703212197,37525,NUVAMA.NS,2023-12-22,2023-51,2023-12,-42.268798828125,down
2023-12-26,3530.640869140625,3611.9831162628993,3498.2492715876406,3510.3053073600563,46043,NUVAMA.NS,2023-12-26,2023-52,2023-12,22.9013671875,up
2023-12-27,3496.409423828125,3571.3121747716004,3460.9191194776845,3571.3121747716004,21441,NUVAMA.NS,2023-12-27,2023-52,2023-12,-34.2314453125,down
2023-12-28,3514.662841796875,3534.5142230496194,3442.6169478167417,3513.210301705211,31940,NUVAMA.NS,2023-12-28,2023-52,2023-12,18.25341796875,up
2023-12-29,3476.364013671875,3532.5288949474902,3432.4972573923715,3532.5288949474902,23790,NUVAMA.NS,2023-12-29,2023-52,2023-12,-38.298828125,down
2024-01-01,3501.299560546875,3534.6595186539776,3447.3619503485065,3505.4635562532567,15641,NUVAMA.NS,2024-01-01,2024-00,2024-01,24.935546875,up
2024-01-02,3456.174072265625,3514.8565515385753,3403.785697126089,3501.5900656637095,30070,NUVAMA.NS,2024-01-02,2024-00,2024-01,-45.12548828125,down
2024-01-03,3477.236083984375,3510.4506474691716,3421.264820919844,3465.7609218226503,25185,NUVAMA.NS,2024-01-03,2024-00,2024-01,21.06201171875,up
2024-01-04,3490.938232421875,3539.3562384194047,3459.563459101894,3486.096431822122,28837,NUVAMA.NS,2024-01-04,2024-00,2024-01,13.7021484375,up
2024-01-05,3520.71533203125,3574.265694341985,3479.3179365985784,3479.3179365985784,36220,NUVAMA.NS,2024-01-05,2024-00,2024-01,29.777099609375,up
2024-01-08,3356.723388671875,3545.069429950968,3331.1587763500243,3520.7152677658723,58062,NUVAMA.NS,2024-01-08,2024-01,2024-01,-163.991943359375,down
2024-01-09,3350.041748046875,3399.8153623544613,3316.6817900633637,3387.178452249827,42271,NUVAMA.NS,2024-01-09,2024-01,2024-01,-6.681640625,down
2024-01-10,3426.736083984375,3511.1288145925846,3321.4753808595874,3350.0420058553186,49133,NUVAMA.NS,2024-01-10,2024-01,2024-01,76.6943359375,up
2024-01-11,3473.31396484375,3486.096270552569,3398.9438637887547,3457.0454682979644,67370,NUVAMA.NS,2024-01-11,2024-01,2024-01,46.577880859375,up
2024-01-12,3589.7109375,3633.384073145794,3446.393640831535,3509.1434234128283,84565,NUVAMA.NS,2024-01-12,2024-01,2024-01,116.39697265625,up
2024-01-15,3615.759765625,3679.7199989779065,3535.5797366416978,3679.7199989779065,60343,NUVAMA.NS,2024-01-15,2024-02,2024-01,26.048828125,up
2024-01-16,3459.224365234375,3631.3503729103245,3390.2287081490786,3631.3503729103245,60090,NUVAMA.NS,2024-01-16,2024-02,2024-01,-156.535400390625,down
2024-01-17,3328.883056640625,3461.8874130772992,3262.453694563789,3459.2244227595475,161911,NUVAMA.NS,2024-01-17,2024-02,2024-01,-130.34130859375,down
2024-01-19,3334.450927734375,3484.159487203993,3321.474997529099,3481.2544070312274,55079,NUVAMA.NS,2024-01-19,2024-02,2024-01,5.56787109375,up
2024-01-23,3199.219482421875,3333.3858132584814,3195.5881322715663,3315.6163119565613,45817,NUVAMA.NS,2024-01-23,2024-03,2024-01,-135.2314453125,down
2024-01-24,3273.25048828125,3292.424063936792,3152.011861210076,3185.9044618682487,60003,NUVAMA.NS,2024-01-24,2024-03,2024-01,74.031005859375,up
2024-01-25,3394.7314453125,3413.4693075672626,3263.4219593305984,3305.981337882166,38971,NUVAMA.NS,2024-01-25,2024-03,2024-01,121.48095703125,up
2024-01-29,3531.366943359375,3554.849674113187,3396.571274315542,3437.678110351897,61735,NUVAMA.NS,2024-01-29,2024-04,2024-01,136.635498046875,up
2024-01-30,3458.4013671875,3550.734602644955,3427.9949528501097,3544.1981715907914,65644,NUVAMA.NS,2024-01-30,2024-04,2024-01,-72.965576171875,down
2024-01-31,3461.5966796875,3508.7075387349605,3408.5789660886953,3486.0962366337153,43623,NUVAMA.NS,2024-01-31,2024-04,2024-01,3.1953125,up
2024-02-01,3413.517822265625,3533.5460095348544,3389.2118891573273,3533.5460095348544,96744,NUVAMA.NS,2024-02-01,2024-04,2024-02,-48.078857421875,down
2024-02-02,3293.780029296875,3470.5542171137595,3273.057217221712,3389.260432034317,44407,NUVAMA.NS,2024-02-02,2024-04,2024-02,-119.73779296875,down
2024-02-05,3132.548095703125,3289.0351875639144,3081.8545846544844,3282.837777286992,99460,NUVAMA.NS,2024-02-05,2024-05,2024-02,-161.23193359375,down
2024-02-06,3122.670654296875,3201.011125404356,3070.3792107873005,3132.160630217004,50521,NUVAMA.NS,2024-02-06,2024-05,2024-02,-9.87744140625,down
2024-02-07,3140.24658203125,3185.807734691974,3098.7522580099217,3127.7545951415264,57305,NUVAMA.NS,2024-02-07,2024-05,2024-02,17.575927734375,up
2024-02-08,3267.73095703125,3320.506579244379,3156.853732381649,3156.853732381649,81097,NUVAMA.NS,2024-02-08,2024-05,2024-02,127.484375,up
2024-02-09,3341.520263671875,3366.988182453076,3211.082201039517,3290.439266655942,67307,NUVAMA.NS,2024-02-09,2024-05,2024-02,73.789306640625,up
2024-02-12,3284.048095703125,3430.899809228585,3244.0547765821693,3389.260325232867,58705,NUVAMA.NS,2024-02-12,2024-06,2024-02,-57.47216796875,down
2024-02-13,3302.640625,3366.939641826289,3197.9608023981677,3333.2891279573655,51468,NUVAMA.NS,2024-02-13,2024-06,2024-02,18.592529296875,up
2024-02-14,3735.642822265625,3774.667782746548,3390.325742122586,3410.177124766584,514894,NUVAMA.NS,2024-02-14,2024-06,2024-02,433.002197265625,up
2024-02-15,4066.725341796875,4116.498958466679,3748.619035549803,3859.8835211592996,332771,NUVAMA.NS,2024-02-15,2024-06,2024-02,331.08251953125,up
2024-02-16,4049.052734375,4214.303296410715,4009.059177205668,4212.3665761458205,141251,NUVAMA.NS,2024-02-16,2024-06,2024-02,-17.672607421875,down
2024-02-19,4180.458984375,4353.5533606885765,4066.725368784586,4066.725368784586,157125,NUVAMA.NS,2024-02-19,2024-07,2024-02,131.40625,up
2024-02-20,4082.31591796875,4405.021925662506,4049.0526535170197,4251.100896550909,100268,NUVAMA.NS,2024-02-20,2024-07,2024-02,-98.14306640625,down
2024-02-21,4154.26513671875,4192.467134626318,4067.112721263112,4152.328416375291,42583,NUVAMA.NS,2024-02-21,2024-07,2024-02,71.94921875,up
2024-02-22,4343.046875,4397.710519642692,4085.8503345944273,4203.651247694927,56244,NUVAMA.NS,2024-02-22,2024-07,2024-02,188.78173828125,up
2024-02-23,4295.2578125,4401.19630444769,4169.758258955281,4401.19630444769,41195,NUVAMA.NS,2024-02-23,2024-07,2024-02,-47.7890625,down
2024-02-26,4152.4248046875,4299.5186009975605,4133.154534353043,4299.5186009975605,19828,NUVAMA.NS,2024-02-26,2024-08,2024-02,-142.8330078125,down
2024-02-27,4116.111328125,4250.713375239441,4096.163016504219,4210.429502543816,20944,NUVAMA.NS,2024-02-27,2024-08,2024-02,-36.3134765625,down
2024-02-28,3954.78271484375,4161.963550852398,3931.5905373423093,4091.369720110697,38305,NUVAMA.NS,2024-02-28,2024-08,2024-02,-161.32861328125,down
2024-02-29,4004.9921875,4057.4287919996423,3887.0458808216713,3954.7341567948206,44970,NUVAMA.NS,2024-02-29,2024-08,2024-02,50.20947265625,up
2024-03-01,4015.0146484375,4140.852753862438,4004.9920273036764,4018.694227513002,22983,NUVAMA.NS,2024-03-01,2024-08,2024-03,10.0224609375,up
2024-03-04,4265.62646484375,4289.73853803547,3986.254561300635,3986.254561300635,66706,NUVAMA.NS,2024-03-04,2024-09,2024-03,250.61181640625,up
2024-03-05,4120.90478515625,4318.886203975828,4081.00863127618,4318.886203975828,57854,NUVAMA.NS,2024-03-05,2024-09,2024-03,-144.7216796875,down
2024-03-06,3955.12158203125,4066.1439704885347,3894.5506118249523,4047.7451289931114,67486,NUVAMA.NS,2024-03-06,2024-09,2024-03,-165.783203125,down
2024-03-07,3955.896240234375,4068.6132633676284,3921.567921345304,3945.486368969156,40902,NUVAMA.NS,2024-03-07,2024-09,2024-03,0.774658203125,up
2024-03-11,3849.328369140625,4015.5955163850967,3776.6044302883984,4015.256968612149,71372,NUVAMA.NS,2024-03-11,2024-10,2024-03,-106.56787109375,down
2024-03-12,3729.39697265625,3955.8480849586417,3701.120903976704,3880.7032438610636,100071,NUVAMA.NS,2024-03-12,2024-10,2024-03,-119.931396484375,down
2024-03-13,3688.87109375,3805.6069581570478,3641.808931889815,3776.604618689044,108921,NUVAMA.NS,2024-03-13,2024-10,2024-03,-40.52587890625,down
2024-03-14,3874.69921875,3883.0754388396203,3664.9038664691993,3694.1485298924567,51957,NUVAMA.NS,2024-03-14,2024-10,2024-03,185.828125,up
2024-03-15,4072.196044921875,4236.284842297252,3844.389346255239,3902.490948465646,449361,NUVAMA.NS,2024-03-15,2024-10,2024-03,197.496826171875,up
2024-03-18,4005.815185546875,4103.71600778827,3914.595480214619,4052.102606544978,47726,NUVAMA.NS,2024-03-18,2024-11,2024-03,-66.380859375,down
2024-03-19,3874.40869140625,4055.540255766933,3824.3929876944508,3999.3753709627435,31973,NUVAMA.NS,2024-03-19,2024-11,2024-03,-131.406494140625,down
2024-03-20,4006.83203125,4057.4288468219443,3849.1829586057866,3878.2822270935294,53638,NUVAMA.NS,2024-03-20,2024-11,2024-03,132.42333984375,up
2024-03-21,4124.77783203125,4161.043104774451,4018.694178453333,4027.40941884034,59467,NUVAMA.NS,2024-03-21,2024-11,2024-03,117.94580078125,up
2024-03-22,4095.630859375,4153.490375989919,4049.8758441439554,4152.231224146745,27703,NUVAMA.NS,2024-03-22,2024-11,2024-03,-29.14697265625,down
2024-03-26,3976.134765625,4134.365182883715,3961.3675106417477,4115.530389966216,28763,NUVAMA.NS,2024-03-26,2024-12,2024-03,-119.49609375,down
2024-03-27,4564.41357421875,4695.578139298793,4018.6944273231575,4154.264841738878,328320,NUVAMA.NS,2024-03-27,2024-12,2024-03,588.27880859375,up
2024-03-28,4523.88818359375,4647.160238332496,4479.633936763102,4590.02699097646,72893,NUVAMA.NS,2024-03-28,2024-12,2024-03,-40.525390625,down
2024-04-01,4481.47412109375,4822.239984411205,4450.1962754449905,4596.80591666606,57510,NUVAMA.NS,2024-04-01,2024-13,2024-04,-42.4140625,down
2024-04-02,4664.00927734375,4817.54304786226,4553.228981546711,4553.228981546711,134558,NUVAMA.NS,2024-04-02,2024-13,2024-04,182.53515625,up
2024-04-03,4724.5322265625,4836.958934193969,4672.724958698761,4764.331923170036,103860,NUVAMA.NS,2024-04-03,2024-13,2024-04,60.52294921875,up
2024-04-04,4794.302734375,4842.768969340442,4710.63604158203,4754.648198252664,91363,NUVAMA.NS,2024-04-04,2024-13,2024-04,69.7705078125,up
2024-04-05,4802.09765625,4842.768779775408,4745.981000252947,4793.382415494555,28920,NUVAMA.NS,2024-04-05,2024-13,2024-04,7.794921875,up
2024-04-08,4887.94287109375,5001.580025880314,4819.189302490167,4861.167808309618,43798,NUVAMA.NS,2024-04-08,2024-14,2024-04,85.84521484375,up
2024-04-09,5033.43896484375,5209.7774369700655,4935.8284540422765,4997.900432197873,131359,NUVAMA.NS,2024-04-09,2024-14,2024-04,145.49609375,up
2024-04-10,4982.9873046875,5132.308623974461,4880.534993364393,5132.308623974461,56260,NUVAMA.NS,2024-04-10,2024-14,2024-04,-50.45166015625,down
2024-04-12,5243.234375,5301.771936472529,4958.004075751479,5013.4426955438175,146992,NUVAMA.NS,2024-04-12,2024-14,2024-04,260.2470703125,up
2024-04-15,5123.44873046875,5230.742852998101,4995.286161637948,5035.473110500597,79844,NUVAMA.NS,2024-04-15,2024-15,2024-04,-119.78564453125,down
2024-04-16,5034.74658203125,5151.433981778284,4996.786674474474,5083.890860347947,31973,NUVAMA.NS,2024-04-16,2024-15,2024-04,-88.7021484375,down
2024-04-18,5117.97705078125,5175.2067551091295,5045.834222469585,5116.8148295145365,32368,NUVAMA.NS,2024-04-18,2024-15,2024-04,83.23046875,up
2024-04-19,5130.0322265625,5178.401997385379,5035.4719677348085,5146.833367021251,26005,NUVAMA.NS,2024-04-19,2024-15,2024-04,12.05517578125,up
2024-04-22,5088.4423828125,5271.752774162565,5072.415738273336,5217.524604553252,21310,NUVAMA.NS,2024-04-22,2024-16,2024-04,-41.58984375,down
2024-04-23,5035.23046875,5134.632539214053,5016.105356627722,5132.211638945411,33546,NUVAMA.NS,2024-04-23,2024-16,2024-04,-53.2119140625,down
2024-04-24,5215.68408203125,5301.480875747209,5087.715397899998,5138.11834861745,86229,NUVAMA.NS,2024-04-24,2024-16,2024-04,180.45361328125,up
2024-04-25,5280.85498046875,5325.980656598346,5218.879932828333,5325.012296478965,45298,NUVAMA.NS,2024-04-25,2024-16,2024-04,65.1708984375,up
2024-04-26,5179.564453125,5280.855016877062,5083.890661803329,5209.777478190839,28980,NUVAMA.NS,2024-04-26,2024-16,2024-04,-101.29052734375,down
2024-04-29,5102.1923828125,5207.3081542643085,5085.391240687291,5180.726480665261,15894,NUVAMA.NS,2024-04-29,2024-17,2024-04,-77.3720703125,down
2024-04-30,5061.666015625,5151.72349681276,5011.359996660738,5102.095046158214,20488,NUVAMA.NS,2024-04-30,2024-17,2024-04,-40.5263671875,down
2024-05-02,5134.58447265625,5157.486095355161,4988.023071193096,5008.406862966608,26669,NUVAMA.NS,2024-05-02,2024-17,2024-05,72.91845703125,up
2024-05-03,5068.5419921875,5214.522279259547,5007.390145602343,5214.522279259547,25253,NUVAMA.NS,2024-05-03,2024-17,2024-05,-66.04248046875,down
2024-05-06,5239.1669921875,5254.660753286493,5093.186711832924,5213.650609811182,77669,NUVAMA.NS,2024-05-06,2024-18,2024-05,170.625,up
2024-05-07,5079.72705078125,5268.557280878556,4965.314920279684,5243.234284576745,41080,NUVAMA.NS,2024-05-07,2024-18,2024-05,-159.43994140625,down
2024-05-08,5063.119140625,5190.410268143559,5015.330946739016,5102.38642737896,22842,NUVAMA.NS,2024-05-08,2024-18,2024-05,-16.60791015625,down
2024-05-09,4875.88671875,5169.105953109408,4844.124225372611,5169.105953109408,30327,NUVAMA.NS,2024-05-09,2024-18,2024-05,-187.232421875,down
2024-05-10,4873.4658203125,5034.988087769732,4812.749455950682,5034.988087769732,50159,NUVAMA.NS,2024-05-10,2024-18,2024-05,-2.4208984375,down
2024-05-13,4978.8232421875,5112.941110327725,4726.6136757469385,4939.120479777758,138333,NUVAMA.NS,2024-05-13,2024-19,2024-05,105.357421875,up
2024-05-14,4865.38037109375,5009.859420493871,4832.214036250226,4957.858764599051,62688,NUVAMA.NS,2024-05-14,2024-19,2024-05,-113.44287109375,down
2024-05-15,4739.92919921875,4919.317921779862,4705.504184103027,4890.025026462866,37042,NUVAMA.NS,2024-05-15,2024-19,2024-05,-125.451171875,down
2024-05-16,4621.3046875,4839.37956980336,4590.026845596383,4759.102612576538,70325,NUVAMA.NS,2024-05-16,2024-19,2024-05,-118.62451171875,down
2024-05-17,4627.16357421875,4817.591493145199,4601.792350488852,4638.444874807136,98417,NUVAMA.NS,2024-05-17,2024-19,2024-05,5.85888671875,up
2024-05-21,4484.28125,4812.797376420015,4436.057111658332,4812.700918686692,123683,NUVAMA.NS,2024-05-21,2024-20,2024-05,-142.88232421875,down
2024-05-22,4667.0595703125,4724.628765410411,4503.0194695805885,4555.649933771936,133313,NUVAMA.NS,2024-05-22,2024-20,2024-05,182.7783203125,up
2024-05-23,4721.77197265625,4735.280784887069,4626.43720660659,4726.565544178688,35016,NUVAMA.NS,2024-05-23,2024-20,2024-05,54.71240234375,up
2024-05-24,4611.57275390625,4721.287760955392,4600.67870309383,4721.287760955392,26949,NUVAMA.NS,2024-05-24,2024-20,2024-05,-110.19921875,down
2024-05-27,4706.52099609375,4727.38944256933,4565.818445022621,4613.268095882878,38946,NUVAMA.NS,2024-05-27,2024-21,2024-05,94.9482421875,up
2024-05-28,4884.74755859375,4933.7949050361785,4743.9963179140805,4745.400629247568,146537,NUVAMA.NS,2024-05-28,2024-21,2024-05,178.2265625,up
2024-05-29,4907.93896484375,4973.497128193607,4864.411465070957,4884.408005180793,40138,NUVAMA.NS,2024-05-29,2024-21,2024-05,23.19140625,up
2024-05-30,4655.24609375,4861.11954878038,4642.318391647394,4842.1878248315015,67694,NUVAMA.NS,2024-05-30,2024-21,2024-05,-252.69287109375,down
2024-05-31,4686.86279296875,4731.794606169639,4614.6717380487235,4701.775443652691,42559,NUVAMA.NS,2024-05-31,2024-21,2024-05,31.61669921875,up
2024-06-03,4875.4990234375,4938.636288255472,4681.197672663037,4921.011946093972,72894,NUVAMA.NS,2024-06-03,2024-22,2024-06,188.63623046875,up
2024-06-04,4270.4677734375,4841.848425510303,3989.6433620323132,4841.848425510303,134289,NUVAMA.NS,2024-06-04,2024-22,2024-06,-605.03125,down
2024-06-05,4516.52880859375,4591.624951394784,4212.366781591061,4401.148787751766,76342,NUVAMA.NS,2024-06-05,2024-22,2024-06,246.06103515625,up
2024-06-06,4748.88623046875,4785.199734763172,4626.243516531474,4635.297778168633,44088,NUVAMA.NS,2024-06-06,2024-22,2024-06,232.357421875,up
2024-06-07,5036.29541015625,5083.890211570543,4687.104685057966,4748.885866496231,112382,NUVAMA.NS,2024-06-07,2024-22,2024-06,287.4091796875,up
2024-06-10,4905.47021484375,5054.500740829957,4867.268219467895,5042.25108003581,40851,NUVAMA.NS,2024-06-10,2024-23,2024-06,-130.8251953125,down
2024-06-11,4915.25048828125,4979.839820362777,4803.114110018113,4870.899313985929,33899,NUVAMA.NS,2024-06-11,2024-23,2024-06,9.7802734375,up
2024-06-12,4926.38671875,5011.263384699315,4883.778875479126,4914.4273772655115,26433,NUVAMA.NS,2024-06-12,2024-23,2024-06,11.13623046875,up
2024-06-13,4926.14453125,4938.636281395353,4842.332684775321,4924.159109437655,48927,NUVAMA.NS,2024-06-13,2024-23,2024-06,-0.2421875,down
2024-06-14,4907.7939453125,4988.6037814817955,4870.851103576439,4926.144557589017,26933,NUVAMA.NS,2024-06-14,2024-23,2024-06,-18.3505859375,down
2024-06-18,4918.64013671875,5025.159751361717,4861.167868251784,4928.904848696218,26796,NUVAMA.NS,2024-06-18,2024-24,2024-06,10.84619140625,up
2024-06-19,5062.24755859375,5164.216160347527,4908.230074539752,4939.653075938982,97054,NUVAMA.NS,2024-06-19,2024-24,2024-06,143.607421875,up
2024-06-20,5088.97412109375,5180.726235260276,4992.670525587727,5074.206630423148,68148,NUVAMA.NS,2024-06-20,2024-24,2024-06,26.7265625,up
2024-06-21,4937.474609375,5108.002928625118,4866.154977945089,5108.002928625118,57615,NUVAMA.NS,2024-06-21,2024-24,2024-06,-151.49951171875,down
2024-06-24,4820.060546875,4962.845430390478,4765.39690383365,4962.748499815665,49209,NUVAMA.NS,2024-06-24,2024-25,2024-06,-117.4140625,down
2024-06-25,4840.25146484375,4987.05496378089,4794.883695509727,4841.800935709602,49369,NUVAMA.NS,2024-06-25,2024-25,2024-06,20.19091796875,up
2024-06-26,4759.2001953125,4862.427017213378,4638.445485909718,4841.801133517451,54481,NUVAMA.NS,2024-06-26,2024-25,2024-06,-81.05126953125,down
2024-06-27,4768.59228515625,4861.167603405039,4731.213491487957,4768.544056285061,25131,NUVAMA.NS,2024-06-27,2024-25,2024-06,9.39208984375,up
2024-06-28,4798.51416015625,4958.003242661394,4762.58838211275,4824.175700377056,49950,NUVAMA.NS,2024-06-28,2024-25,2024-06,29.921875,up
2024-07-01,4812.31396484375,4987.054741974513,4795.319433448114,4890.218727567241,48199,NUVAMA.NS,2024-07-01,2024-26,2024-07,13.7998046875,up
2024-07-02,4895.68994140625,4984.101507588342,4716.640242642171,4741.962766223897,84278,NUVAMA.NS,2024-07-02,2024-26,2024-07,83.3759765625,up
2024-07-03,4833.03662109375,4958.003292287036,4817.591089673439,4938.63609192654,46357,NUVAMA.NS,2024-07-03,2024-26,2024-07,-62.6533203125,down
2024-07-04,4682.9892578125,4866.977669513157,4648.128295595534,4837.926867665685,60362,NUVAMA.NS,2024-07-04,2024-26,2024-07,-150.04736328125,down
2024-07-05,4618.6416015625,4705.939640494503,4580.3431497707115,4677.179157165441,58995,NUVAMA.NS,2024-07-05,2024-26,2024-07,-64.34765625,down
2024-07-08,4566.25390625,4677.17936860234,4527.083550355267,4619.029532665906,35458,NUVAMA.NS,2024-07-08,2024-27,2024-07,-52.3876953125,down
2024-07-09,4744.86767578125,4768.59249881305,4535.459799020972,4560.976182848123,81216,NUVAMA.NS,2024-07-09,2024-27,2024-07,178.61376953125,up
2024-07-10,4702.69580078125,4793.382632175072,4581.311764206115,4792.41427204736,52353,NUVAMA.NS,2024-07-10,2024-27,2024-07,-42.171875,down
2024-07-11,4620.7724609375,4720.755644589577,4606.973329053315,4696.498412410217,41746,NUVAMA.NS,2024-07-11,2024-27,2024-07,-81.92333984375,down
2024-07-12,4651.75927734375,4702.06576769082,4578.163918493243,4684.199336837066,62895,NUVAMA.NS,2024-07-12,2024-27,2024-07,30.98681640625,up
2024-07-15,4647.74072265625,4696.545971796763,4551.291972669028,4696.545971796763,32457,NUVAMA.NS,2024-07-15,2024-28,2024-07,-4.0185546875,down
2024-07-16,4782.6826171875,4793.8669879396575,4622.612398510671,4652.389473529182,55411,NUVAMA.NS,2024-07-16,2024-28,2024-07,134.94189453125,up
2024-07-18,4766.65576171875,4822.433399215857,4701.388384175299,4774.015393199634,35084,NUVAMA.NS,2024-07-18,2024-28,2024-07,-16.02685546875,down
2024-07-19,4650.01708984375,4810.813099414158,4575.549817990124,4793.382617169904,40696,NUVAMA.NS,2024-07-19,2024-28,2024-07,-116.638671875,down
2024-07-22,4593.5615234375,4669.722954543507,4506.893290154827,4623.919708656566,45036,NUVAMA.NS,2024-07-22,2024-29,2024-07,-56.45556640625,down
2024-07-23,4741.0908203125,4765.977862811751,4454.456244574653,4648.128255208333,59536,NUVAMA.NS,2024-07-23,2024-29,2024-07,147.529296875,up
2024-07-24,5094.97802734375,5132.2598881941085,4717.075528724203,4741.09066813915,220840,NUVAMA.NS,2024-07-24,2024-29,2024-07,353.88720703125,up
2024-07-25,5372.60693359375,5464.455982608223,5035.472463151295,5083.890467604673,208902,NUVAMA.NS,2024-07-25,2024-29,2024-07,277.62890625,up
2024-07-26,5522.7998046875,5568.070639890085,5254.0316449331185,5447.0256259794305,145777,NUVAMA.NS,2024-07-26,2024-29,2024-07,150.19287109375,up
2024-07-29,5819.84423828125,5943.7461030027835,5539.019807482321,5664.906621288737,312625,NUVAMA.NS,2024-07-29,2024-30,2024-07,297.04443359375,up
2024-07-30,6137.611328125,6235.270536467267,5831.900335482773,5892.471069172748,257723,NUVAMA.NS,2024-07-30,2024-30,2024-07,317.76708984375,up
2024-07-31,6141.34033203125,6284.6576403158015,6040.630872155619,6097.5220333834395,145474,NUVAMA.NS,2024-07-31,2024-30,2024-07,3.72900390625,up
2024-08-01,6434.65625,6506.411831501118,6129.719734097645,6139.45156444785,165872,NUVAMA.NS,2024-08-01,2024-30,2024-08,293.31591796875,up
2024-08-02,6211.44873046875,6425.069056202966,6197.5044400450615,6425.069056202966,78792,NUVAMA.NS,2024-08-02,2024-30,2024-08,-223.20751953125,down
2024-08-05,5721.3134765625,6178.137347009479,5576.495414873188,6163.563716851949,155943,NUVAMA.NS,2024-08-05,2024-31,2024-08,-490.13525390625,down
2024-08-06,5632.5146484375,6099.700159347981,5616.4884782057925,5974.733479840731,85348,NUVAMA.NS,2024-08-06,2024-31,2024-08,-88.798828125,down
2024-08-07,5991.47998046875,6039.063949874523,5771.583114535335,5793.484707532443,53796,NUVAMA.NS,2024-08-07,2024-31,2024-08,358.96533203125,up
2024-08-08,6052.224609375,6098.8753742557365,5853.443340825056,6030.2251866889,43308,NUVAMA.NS,2024-08-08,2024-31,2024-08,60.74462890625,up
2024-08-09,6215.40380859375,6395.5741600679585,6105.210082080197,6128.682686173845,115605,NUVAMA.NS,2024-08-09,2024-31,2024-08,163.17919921875,up
2024-08-12,6040.78271484375,6338.414389337597,6025.31430403876,6162.8112889720005,67743,NUVAMA.NS,2024-08-12,2024-32,2024-08,-174.62109375,down
2024-08-13,6040.73388671875,6157.900770158123,6010.5825699151055,6118.615916759985,37818,NUVAMA.NS,2024-08-13,2024-32,2024-08,-0.048828125,down
2024-08-14,6004.39501953125,6102.803283370916,5867.0452635697175,6089.15189358429,44865,NUVAMA.NS,2024-08-14,2024-32,2024-08,-36.3388671875,down
2024-08-16,6038.5732421875,6091.116735471558,5941.981509557825,6004.395610339197,56522,NUVAMA.NS,2024-08-16,2024-32,2024-08,34.17822265625,up
2024-08-19,6396.359375,6433.38553962322,6060.768816400147,6137.619807694784,132060,NUVAMA.NS,2024-08-19,2024-33,2024-08,357.7861328125,up
2024-08-20,6417.623046875,6775.507970879446,6359.235740801046,6481.0187881924485,165398,NUVAMA.NS,2024-08-20,2024-33,2024-08,21.263671875,up
2024-08-21,6144.19970703125,6447.626271523111,6059.688361812277,6447.626271523111,1092268,NUVAMA.NS,2024-08-21,2024-33,2024-08,-273.42333984375,down
2024-08-22,6097.89306640625,6164.775625289649,6060.6707636868605,6148.521709001485,119188,NUVAMA.NS,2024-08-22,2024-33,2024-08,-46.306640625,down
2024-08-23,6204.6005859375,6245.309707998134,6074.469506159272,6128.437266536933,119725,NUVAMA.NS,2024-08-23,2024-33,2024-08,106.70751953125,up
2024-08-26,6197.185546875,6249.237976983459,6090.232630732245,6198.805951147336,113452,NUVAMA.NS,2024-08-26,2024-34,2024-08,-7.4150390625,down
2024-08-28,6334.09326171875,6677.835730036759,6302.616464654775,6580.2129649447315,97925,NUVAMA.NS,2024-08-28,2024-34,2024-08,136.90771484375,up
2024-08-29,6324.3212890625,6455.483398764058,6300.308231107779,6347.548362234943,60696,NUVAMA.NS,2024-08-29,2024-34,2024-08,-9.77197265625,down
2024-08-30,6331.44140625,6511.464043877825,6284.594029679367,6482.000405670234,48029,NUVAMA.NS,2024-08-30,2024-34,2024-08,7.1201171875,up
2024-09-02,6333.798828125,6615.96209721607,6303.647511173944,6378.239818748919,187201,NUVAMA.NS,2024-09-02,2024-35,2024-09,2.357421875,up
2024-09-03,6650.82763671875,6693.157163848685,6337.678140706749,6383.788931036897,147953,NUVAMA.NS,2024-09-03,2024-35,2024-09,317.02880859375,up
2024-09-04,6544.611328125,6752.08446908413,6483.621494683055,6619.4980831457515,100555,NUVAMA.NS,2024-09-04,2024-35,2024-09,-106.21630859375,down
2024-09-05,6515.24560546875,6673.3177439705405,6464.960802134596,6570.440535844603,71251,NUVAMA.NS,2024-09-05,2024-35,2024-09,-29.36572265625,down
2024-09-06,6431.37255859375,6550.749213382878,6359.03893963542,6514.410724493048,58854,NUVAMA.NS,2024-09-06,2024-35,2024-09,-83.873046875,down
2024-09-09,6633.64013671875,6691.143627638701,6324.861290141387,6481.460726172057,105227,NUVAMA.NS,2024-09-09,2024-36,2024-09,202.267578125,up
2024-09-10,6588.90478515625,6689.081160884294,6521.285635629534,6633.640219947564,65530,NUVAMA.NS,2024-09-10,2024-36,2024-09,-44.7353515625,down
2024-09-11,6701.60302734375,6860.117309933578,6540.976800308727,6629.318803443329,128106,NUVAMA.NS,2024-09-11,2024-36,2024-09,112.6982421875,up
2024-09-12,6742.017578125,6872.73802650966,6694.483000408245,6730.477652192815,71332,NUVAMA.NS,2024-09-12,2024-36,2024-09,40.41455078125,up
2024-09-13,6835.12255859375,6925.919870670065,6715.353145781764,6766.816209432324,58534,NUVAMA.NS,2024-09-13,2024-36,2024-09,93.10498046875,up
2024-09-16,6538.37451171875,6898.3219827579005,6486.617004841799,6898.273068511484,62434,NUVAMA.NS,2024-09-16,2024-37,2024-09,-296.748046875,down
2024-09-17,6533.31640625,6603.73469515473,6455.483293364087,6555.561357744966,45012,NUVAMA.NS,2024-09-17,2024-37,2024-09,-5.05810546875,down
2024-09-18,6558.6064453125,6675.478887210102,6457.840697816547,6540.879346576341,44197,NUVAMA.NS,2024-09-18,2024-37,2024-09,25.2900390625,up
2024-09-19,6454.6484375,6653.871840091092,6369.05666169605,6624.4082009467775,55603,NUVAMA.NS,2024-09-19,2024-37,2024-09,-103.9580078125,down
2024-09-20,6823.484375,6874.259758681325,6457.447573211965,6481.951691565101,134968,NUVAMA.NS,2024-09-20,2024-37,2024-09,368.8359375,up
2024-09-23,6762.6416015625,6889.580776961251,6727.530765813909,6823.484206659292,68999,NUVAMA.NS,2024-09-23,2024-38,2024-09,-60.8427734375,down
2024-09-24,6679.21044921875,6973.061338574751,6562.829073356622,6786.45828866923,106121,NUVAMA.NS,2024-09-24,2024-38,2024-09,-83.43115234375,down
2024-09-25,6630.00634765625,6735.338855427796,6580.261520950985,6698.018246613635,31752,NUVAMA.NS,2024-09-25,2024-38,2024-09,-49.2041015625,down
2024-09-26,6662.61279296875,6762.690860559809,6492.804110965567,6657.456655987572,96701,NUVAMA.NS,2024-09-26,2024-38,2024-09,32.6064453125,up
2024-09-27,6720.3125,6947.526368215439,6688.295248363982,6779.534704610052,304004,NUVAMA.NS,2024-09-27,2024-38,2024-09,57.69970703125,up
2024-09-30,6638.40380859375,6874.849526227947,6585.1237247654835,6756.994962921182,95943,NUVAMA.NS,2024-09-30,2024-39,2024-09,-81.90869140625,down
2024-10-01,6403.47998046875,6647.97927718751,6383.886947682561,6647.97927718751,255479,NUVAMA.NS,2024-10-01,2024-39,2024-10,-234.923828125,down
2024-10-03,6058.6572265625,6358.253129449794,6022.416567901807,6358.253129449794,293346,NUVAMA.NS,2024-10-03,2024-39,2024-10,-344.82275390625,down
2024-10-04,5790.4892578125,6089.152460706812,5745.361068838614,6089.152460706812,363945,NUVAMA.NS,2024-10-04,2024-39,2024-10,-268.16796875,down
2024-10-07,5941.8828125,6077.366638413843,5745.9496120533995,5891.745711674959,303518,NUVAMA.NS,2024-10-07,2024-40,2024-10,151.3935546875,up
2024-10-08,6213.48876953125,6260.483370077952,5886.392979832601,5990.939984997928,150550,NUVAMA.NS,2024-10-08,2024-40,2024-10,271.60595703125,up
2024-10-09,6250.4658203125,6315.040299266901,6110.759057859822,6183.387123728733,95228,NUVAMA.NS,2024-10-09,2024-40,2024-10,36.97705078125,up
2024-10-10,6261.26904296875,6354.27612524368,6238.43472192267,6298.589653710731,45254,NUVAMA.NS,2024-10-10,2024-40,2024-10,10.80322265625,up
2024-10-11,6571.66796875,6627.354437483025,6241.38077211094,6241.38077211094,169526,NUVAMA.NS,2024-10-11,2024-40,2024-10,310.39892578125,up
2024-10-14,6693.9423828125,6757.976885479353,6510.040163395844,6608.694443015632,123066,NUVAMA.NS,2024-10-14,2024-41,2024-10,122.2744140625,up
2024-10-15,6788.66796875,6845.336559687624,6668.800255679115,6750.3652379776395,149531,NUVAMA.NS,2024-10-15,2024-41,2024-10,94.7255859375,up
2024-10-16,7205.52978515625,7263.278327792331,6737.401267522511,6788.66819299338,297542,NUVAMA.NS,2024-10-16,2024-41,2024-10,416.86181640625,up
2024-10-17,7056.443359375,7199.931379796019,6884.6704368258215,7198.949258478356,130821,NUVAMA.NS,2024-10-17,2024-41,2024-10,-149.08642578125,down
2024-10-18,7001.4443359375,7097.741615706763,6756.454469012728,7002.623073300604,102127,NUVAMA.NS,2024-10-18,2024-41,2024-10,-54.9990234375,down
2024-10-21,6858.5458984375,7104.174535343056,6776.637076638845,7031.006497341666,73391,NUVAMA.NS,2024-10-21,2024-42,2024-10,-142.8984375,down
2024-10-22,6504.1474609375,7089.933923528027,6418.162929804081,6826.725405519229,273239,NUVAMA.NS,2024-10-22,2024-42,2024-10,-354.3984375,down
2024-10-23,6738.38330078125,6865.028037004063,6439.8184190574675,6574.320125851959,175002,NUVAMA.NS,2024-10-23,2024-42,2024-10,234.23583984375,up
2024-10-24,6795.14990234375,6868.170715296361,6586.890797547322,6776.587906093976,126992,NUVAMA.NS,2024-10-24,2024-42,2024-10,56.7666015625,up
2024-10-25,6560.03076171875,6838.511083727098,6366.0617915857465,6795.150521250693,190603,NUVAMA.NS,2024-10-25,2024-42,2024-10,-235.119140625,down
2024-10-28,6440.50634765625,6755.521773833024,6403.431266321337,6727.531315076865,212108,NUVAMA.NS,2024-10-28,2024-43,2024-10,-119.5244140625,down
2024-10-29,6443.84521484375,6629.2700081369485,6405.4935690466855,6472.179510888959,128193,NUVAMA.NS,2024-10-29,2024-43,2024-10,3.3388671875,up
2024-10-31,6865.17529296875,6899.402317099808,6560.570459534052,6619.497739110706,116969,NUVAMA.NS,2024-10-31,2024-43,2024-10,421.330078125,up
2024-11-01,6966.62890625,6996.632521776458,6894.491901020597,6923.955541623249,33763,NUVAMA.NS,2024-11-01,2024-43,2024-11,101.45361328125,up
2024-11-04,6871.65771484375,7046.622541490277,6808.556416644055,7024.083143716354,114366,NUVAMA.NS,2024-11-04,2024-44,2024-11,-94.97119140625,down
2024-11-06,7239.21630859375,7326.625106784612,6920.469023416072,6972.8648126230455,174574,NUVAMA.NS,2024-11-06,2024-44,2024-11,367.55859375,up
2024-11-07,7324.357421875,7419.255546955948,7172.896148631398,7285.773830616642,96981,NUVAMA.NS,2024-11-07,2024-44,2024-11,85.14111328125,up
2024-11-08,6927.32958984375,7324.357505428676,6834.561130901606,7324.357505428676,99744,NUVAMA.NS,2024-11-08,2024-44,2024-11,-397.02783203125,down
2024-11-11,6749.22216796875,6951.846729522611,6706.280085749047,6934.115302842442,78560,NUVAMA.NS,2024-11-11,2024-45,2024-11,-178.107421875,down
2024-11-12,6513.7099609375,6818.265923805524,6478.444934587051,6750.905945892386,76411,NUVAMA.NS,2024-11-12,2024-45,2024-11,-235.51220703125,down
2024-11-13,6300.78271484375,6513.115324085443,6214.007119644312,6513.115324085443,150238,NUVAMA.NS,2024-11-13,2024-45,2024-11,-212.92724609375,down
2024-11-14,6664.279296875,6696.374248310274,6310.044964753913,6320.59462922162,139453,NUVAMA.NS,2024-11-14,2024-45,2024-11,363.49658203125,up
2024-11-18,6543.82373046875,6765.418439308658,6449.717879061766,6676.463354820018,77021,NUVAMA.NS,2024-11-18,2024-46,2024-11,-120.45556640625,down
2024-11-19,6549.12353515625,6635.849313992331,6476.711461538717,6556.65210007791,38201,NUVAMA.NS,2024-11-19,2024-46,2024-11,5.2998046875,up
2024-11-21,6414.8486328125,6513.065805505704,6290.2328742271975,6369.479902563918,101783,NUVAMA.NS,2024-11-21,2024-46,2024-11,-134.27490234375,down
2024-11-22,6424.0615234375,6523.02115539038,6399.049179599442,6438.771850114999,42185,NUVAMA.NS,2024-11-22,2024-46,2024-11,9.212890625,up
2024-11-25,6542.88232421875,6605.933630123268,6419.009502524627,6508.162412281914,169681,NUVAMA.NS,2024-11-25,2024-47,2024-11,118.82080078125,up
2024-11-26,6467.54833984375,6656.6514714840705,6443.77423046157,6522.476631869691,46525,NUVAMA.NS,2024-11-26,2024-47,2024-11,-75.333984375,down
2024-11-27,6547.984375,6632.976623929194,6428.915515128505,6511.13431139286,56297,NUVAMA.NS,2024-11-27,2024-47,2024-11,80.43603515625,up
2024-11-28,6537.48388671875,6735.997601653924,6500.782315457269,6582.456479851518,34120,NUVAMA.NS,2024-11-28,2024-47,2024-11,-10.50048828125,down
2024-11-29,6503.40771484375,6604.744661050921,6415.047082859508,6579.484670221255,73013,NUVAMA.NS,2024-11-29,2024-47,2024-11,-34.076171875,down
2024-12-02,6617.671875,6651.748486084965,6496.275519987697,6528.122824587529,59400,NUVAMA.NS,2024-12-02,2024-48,2024-12,114.26416015625,up
2024-12-03,6653.828125,6706.081635663091,6594.195024843178,6644.814162241582,51950,NUVAMA.NS,2024-12-03,2024-48,2024-12,36.15625,up
2024-12-04,6678.494140625,6785.725278467772,6646.398706414663,6674.581125030907,81398,NUVAMA.NS,2024-12-04,2024-48,2024-12,24.666015625,up
2024-12-05,6781.6640625,6958.830808902852,6629.014367141192,6704.150557683981,120748,NUVAMA.NS,2024-12-05,2024-48,2024-12,103.169921875,up
2024-12-06,6961.95068359375,7038.126793815757,6736.096649956876,6805.289309191935,78271,NUVAMA.NS,2024-12-06,2024-48,2024-12,180.28662109375,up
2024-12-09,6877.35498046875,7044.070734774398,6841.990798071546,6953.927233598126,64674,NUVAMA.NS,2024-12-09,2024-49,2024-12,-84.595703125,down
2024-12-10,7291.96533203125,7404.644708022903,6874.72950631367,6894.491928807947,325913,NUVAMA.NS,2024-12-10,2024-49,2024-12,414.6103515625,up
2024-12-11,7228.66650390625,7576.016044458562,7193.500634453023,7348.180833916528,241390,NUVAMA.NS,2024-12-11,2024-49,2024-12,-63.298828125,down
2024-12-12,6880.02880859375,7058.186131498345,6760.76212729044,6981.019434137869,5395573,NUVAMA.NS,2024-12-12,2024-49,2024-12,-348.6376953125,down
2024-12-13,6840.60400390625,6887.854757249738,6773.640164101981,6815.244856540163,629128,NUVAMA.NS,2024-12-13,2024-49,2024-12,-39.4248046875,down
2024-12-16,6901.6240234375,6927.180997091141,6790.678181642246,6841.990439998357,189825,NUVAMA.NS,2024-12-16,2024-50,2024-12,61.02001953125,up
2024-12-17,6820.89111328125,6932.133937988843,6761.752823765625,6901.624024962601,114061,NUVAMA.NS,2024-12-17,2024-50,2024-12,-80.73291015625,down
2024-12-18,6805.28955078125,6893.947168009757,6783.001322986373,6819.207117330073,106030,NUVAMA.NS,2024-12-18,2024-50,2024-12,-15.6015625,down
2024-12-19,6806.32958984375,6859.226887968774,6713.957266418786,6759.771957661731,132974,NUVAMA.NS,2024-12-19,2024-50,2024-12,1.0400390625,up
2024-12-20,6786.220703125,6873.689421003242,6735.997703245719,6806.329443970785,347837,NUVAMA.NS,2024-12-20,2024-50,2024-12,-20.10888671875,down
2024-12-23,6767.5478515625,6830.103378956089,6686.468137484206,6759.771640028477,76057,NUVAMA.NS,2024-12-23,2024-51,2024-12,-18.6728515625,down
2024-12-24,6782.0107421875,6825.1506518903425,6724.655315653548,6803.060735126929,58363,NUVAMA.NS,2024-12-24,2024-51,2024-12,14.462890625,up
2024-12-26,6785.03173828125,6839.414916590745,6735.997637829403,6755.908551113615,90908,NUVAMA.NS,2024-12-26,2024-51,2024-12,3.02099609375,up
2024-12-27,6777.30517578125,6819.206848912081,6759.820913050865,6788.6969362057835,41401,NUVAMA.NS,2024-12-27,2024-51,2024-12,-7.7265625,down
2024-12-30,6806.0322265625,6829.508868713881,6744.466803903571,6790.182820748039,71951,NUVAMA.NS,2024-12-30,2024-52,2024-12,28.72705078125,up
2024-12-31,6859.17724609375,6878.642201092174,6757.790480393262,6805.041715484982,62852,NUVAMA.NS,2024-12-31,2024-52,2024-12,53.14501953125,up
2025-01-01,6923.86279296875,7017.17636897431,6866.061890810155,6873.392628403277,83528,NUVAMA.NS,2025-01-01,2025-00,2025-01,64.685546875,up
2025-01-02,7154.86767578125,7205.536148468704,6931.737758618399,6950.955066511533,192394,NUVAMA.NS,2025-01-02,2025-00,2025-01,231.0048828125,up
2025-01-03,6946.00244140625,7231.291760163381,6907.617159802643,7171.905821343728,69585,NUVAMA.NS,2025-01-03,2025-00,2025-01,-208.865234375,down
2025-01-06,6740.40576171875,7023.614734334963,6708.557975051203,6995.531471749086,295840,NUVAMA.NS,2025-01-06,2025-01,2025-01,-205.5966796875,down
2025-01-07,6827.87451171875,6847.933916000395,6753.828068753173,6760.7621838134955,41798,NUVAMA.NS,2025-01-07,2025-01,2025-01,87.46875,up
2025-01-08,6607.07275390625,6849.915279102931,6538.870680745979,6849.915279102931,129432,NUVAMA.NS,2025-01-08,2025-01,2025-01,-220.8017578125,down
2025-01-09,6557.19677734375,6660.66387970738,6540.852076561792,6620.445913167399,35783,NUVAMA.NS,2025-01-09,2025-01,2025-01,-49.8759765625,down
2025-01-10,6592.015625,6684.437765622373,6437.781380280915,6566.60714228325,167537,NUVAMA.NS,2025-01-10,2025-01,2025-01,34.81884765625,up
2025-01-13,6050.2138671875,6665.665931597297,5965.667093787921,6596.374115011904,229616,NUVAMA.NS,2025-01-13,2025-02,2025-01,-541.8017578125,down
2025-01-14,6104.54736328125,6215.939167818592,5956.751936546173,6111.630453823264,92434,NUVAMA.NS,2025-01-14,2025-02,2025-01,54.33349609375,up
2025-01-15,6139.0693359375,6357.593122745922,6095.087330049184,6129.757906443093,117440,NUVAMA.NS,2025-01-15,2025-02,2025-01,34.52197265625,up
2025-01-16,6017.22705078125,6338.078375267842,6000.535547907629,6240.703778046491,74696,NUVAMA.NS,2025-01-16,2025-02,2025-01,-121.84228515625,down
2025-01-17,5998.45556640625,6102.021335699487,5878.940751835758,6017.226916505267,106410,NUVAMA.NS,2025-01-17,2025-02,2025-01,-18.771484375,down
2025-01-20,6115.79052734375,6201.030906186571,5965.667124860863,5998.455681025079,52922,NUVAMA.NS,2025-01-20,2025-03,2025-01,117.3349609375,up
2025-01-21,5776.31640625,6157.494440014811,5749.2237302119975,6113.066475575866,112278,NUVAMA.NS,2025-01-21,2025-03,2025-01,-339.47412109375,down
2025-01-22,5490.3828125,5839.565049846692,5395.385528920653,5800.9819410660675,210539,NUVAMA.NS,2025-01-22,2025-03,2025-01,-285.93359375,down
2025-01-23,5610.54150390625,5694.889968804865,5490.531873782905,5507.6688513750305,138906,NUVAMA.NS,2025-01-23,2025-03,2025-01,120.15869140625,up
2025-01-24,5546.25244140625,5715.692312052779,5477.852055155561,5621.586459427993,83851,NUVAMA.NS,2025-01-24,2025-03,2025-01,-64.2890625,down
2025-01-27,5071.81005859375,5476.960510540009,4954.078589695739,5476.960510540009,200612,NUVAMA.NS,2025-01-27,2025-04,2025-01,-474.4423828125,down
2025-01-28,5139.5166015625,5245.162699711955,4923.915251351095,5002.468674890532,207221,NUVAMA.NS,2025-01-28,2025-04,2025-01,67.70654296875,up
2025-01-29,5462.2998046875,5495.781481087271,4990.631005298649,5071.7605384801,159583,NUVAMA.NS,2025-01-29,2025-04,2025-01,322.783203125,up
2025-01-30,5298.75390625,5514.553580000502,5206.9262131699115,5472.007635630153,83172,NUVAMA.NS,2025-01-30,2025-04,2025-01,-163.5458984375,down
2025-01-31,5542.5869140625,5590.6304269228785,5319.456990932599,5319.456990932599,87340,NUVAMA.NS,2025-01-31,2025-04,2025-01,243.8330078125,up
2025-02-01,5398.60498046875,5569.5805513110145,5238.525876689967,5497.762927483527,122432,NUVAMA.NS,2025-02-01,2025-04,2025-02,-143.98193359375,down
2025-02-03,5060.56689453125,5349.174782545115,5029.511866417706,5349.174782545115,128643,NUVAMA.NS,2025-02-03,2025-05,2025-02,-338.0380859375,down
2025-02-04,5641.39794921875,5783.596645228375,5111.433435991001,5111.433435991001,625882,NUVAMA.NS,2025-02-04,2025-05,2025-02,580.8310546875,up
2025-02-05,5941.29833984375,5993.056555550779,5635.5534934617135,5646.350804403213,198227,NUVAMA.NS,2025-02-05,2025-05,2025-02,299.900390625,up
2025-02-06,5850.16455078125,5933.621582217277,5728.0252549253355,5922.725115204858,113102,NUVAMA.NS,2025-02-06,2025-05,2025-02,-91.1337890625,down
2025-02-07,5631.6904296875,5844.369358099121,5593.998270502746,5844.369358099121,82079,NUVAMA.NS,2025-02-07,2025-05,2025-02,-218.47412109375,down
2025-02-10,5588.6494140625,5621.586462499169,5421.586857601278,5621.586462499169,72257,NUVAMA.NS,2025-02-10,2025-06,2025-02,-43.041015625,down
2025-02-11,5423.51806640625,5596.772276361394,5371.958159894735,5596.772276361394,63001,NUVAMA.NS,2025-02-11,2025-06,2025-02,-165.13134765625,down
2025-02-12,5362.74609375,5427.728275295981,5193.206581834892,5418.565336903097,78387,NUVAMA.NS,2025-02-12,2025-06,2025-02,-60.77197265625,down
2025-02-13,5450.61083984375,5558.68407797024,5374.18707903556,5422.032281795156,62071,NUVAMA.NS,2025-02-13,2025-06,2025-02,87.86474609375,up
2025-02-14,5237.98095703125,5522.52731983343,5161.012086830411,5472.99792683044,60302,NUVAMA.NS,2025-02-14,2025-06,2025-02,-212.6298828125,down
2025-02-17,5255.41552734375,5300.437456462203,5065.222653607526,5237.981083847498,82718,NUVAMA.NS,2025-02-17,2025-07,2025-02,17.4345703125,up
2025-02-18,5225.64794921875,5327.530007451111,5139.368133481304,5308.560346651655,80128,NUVAMA.NS,2025-02-18,2025-07,2025-02,-29.767578125,down
2025-02-19,5436.6435546875,5485.776812860534,5151.057247315356,5208.511347381566,75632,NUVAMA.NS,2025-02-19,2025-07,2025-02,210.99560546875,up
2025-02-20,5595.88037109375,5636.44513898649,5354.127588088221,5381.963204755992,55021,NUVAMA.NS,2025-02-20,2025-07,2025-02,159.23681640625,up
2025-02-21,5562.9931640625,5685.77624425728,5459.179261761187,5576.068634152614,42142,NUVAMA.NS,2025-02-21,2025-07,2025-02,-32.88720703125,down
2025-02-24,5381.17041015625,5527.480435222263,5337.535207004724,5522.428340237918,128882,NUVAMA.NS,2025-02-24,2025-08,2025-02,-181.82275390625,down
2025-02-25,5525.25146484375,5562.15086282061,5352.938512226611,5368.9862291162435,52299,NUVAMA.NS,2025-02-25,2025-08,2025-02,144.0810546875,up
2025-02-27,5315.7421875,5595.830909329141,5211.5819691165525,5472.205735927025,98083,NUVAMA.NS,2025-02-27,2025-08,2025-02,-209.50927734375,down
2025-02-28,5349.669921875,5435.207283264243,5102.022948359816,5267.995756535494,152717,NUVAMA.NS,2025-02-28,2025-08,2025-02,33.927734375,up
2025-03-03,5046.69873046875,5432.384240015879,4963.885482297415,5403.805681330479,105183,NUVAMA.NS,2025-03-03,2025-09,2025-03,-302.97119140625,down
2025-03-04,5118.07080078125,5193.157171658349,4853.880808989205,4853.880808989205,75328,NUVAMA.NS,2025-03-04,2025-09,2025-03,71.3720703125,up
2025-03-05,5304.3505859375,5340.160241977213,5109.700062544864,5166.460556044699,66526,NUVAMA.NS,2025-03-05,2025-09,2025-03,186.27978515625,up
2025-03-06,5431.2451171875,5487.708629077424,5304.746845321307,5324.410112427093,102125,NUVAMA.NS,2025-03-06,2025-09,2025-03,126.89453125,up
2025-03-07,5411.38330078125,5504.250914932683,5349.17457512254,5431.244878072397,74463,NUVAMA.NS,2025-03-07,2025-09,2025-03,-19.86181640625,down
2025-03-10,5477.60400390625,5664.181322050879,5407.619069093345,5427.430826078484,129558,NUVAMA.NS,2025-03-10,2025-10,2025-03,66.220703125,up
2025-03-11,5083.1025390625,5418.416535675152,5056.951115827444,5418.416535675152,149790,NUVAMA.NS,2025-03-11,2025-10,2025-03,-394.50146484375,down
2025-03-12,5130.5517578125,5250.561869800653,5098.9027643670115,5101.428570057907,102641,NUVAMA.NS,2025-03-12,2025-10,2025-03,47.44921875,up
2025-03-13,5006.62939453125,5148.085148568226,4977.70403531948,5142.933898181861,94115,NUVAMA.NS,2025-03-13,2025-10,2025-03,-123.92236328125,down
2025-03-17,5301.42822265625,5393.602718577958,5008.3133546463505,5009.601409150223,156400,NUVAMA.NS,2025-03-17,2025-11,2025-03,294.798828125,up
2025-03-18,5430.25439453125,5466.55934445069,5260.021766609253,5285.7770520954755,246721,NUVAMA.NS,2025-03-18,2025-11,2025-03,128.826171875,up
2025-03-19,5579.8330078125,5667.697862103972,5450.214487646017,5450.214487646017,188820,NUVAMA.NS,2025-03-19,2025-11,2025-03,149.57861328125,up
2025-03-20,5938.822265625,5993.007618672147,5576.267084570207,5596.821784042575,190014,NUVAMA.NS,2025-03-20,2025-11,2025-03,358.9892578125,up
2025-03-21,6284.833984375,6338.771686574615,5934.165883570591,5943.52713227812,475652,NUVAMA.NS,2025-03-21,2025-11,2025-03,346.01171875,up
2025-03-24,6187.75634765625,6304.893361045829,6173.888117741204,6293.551420362308,85844,NUVAMA.NS,2025-03-24,2025-12,2025-03,-97.07763671875,down
2025-03-25,6130.60009765625,6253.383179172155,6061.110452346851,6201.08033087793,75309,NUVAMA.NS,2025-03-25,2025-12,2025-03,-57.15625,down
2025-03-26,6098.455078125,6273.789131459837,6035.94888666797,6141.64480607904,66392,NUVAMA.NS,2025-03-26,2025-12,2025-03,-32.14501953125,down
2025-03-27,6014.75048828125,6128.717914777128,5918.960929916107,6064.72584060427,187444,NUVAMA.NS,2025-03-27,2025-12,2025-03,-83.70458984375,down
2025-03-28,6018.51513671875,6125.7462775924305,5996.771538697877,6049.421189188824,91466,NUVAMA.NS,2025-03-28,2025-12,2025-03,3.7646484375,up
2025-04-01,5866.6083984375,6090.431446220273,5833.522859020575,6037.682640076505,95764,NUVAMA.NS,2025-04-01,2025-13,2025-04,-151.90673828125,down
2025-04-02,5705.04345703125,5968.193040262956,5661.6060801637805,5850.412233750325,107544,NUVAMA.NS,2025-04-02,2025-13,2025-04,-161.56494140625,down
2025-04-03,5966.95458984375,6002.863400513121,5649.917132152921,5655.513856940842,64371,NUVAMA.NS,2025-04-03,2025-13,2025-04,261.9111328125,up
2025-04-04,5601.67529296875,5961.556159154884,5532.43329705338,5959.822630368878,97874,NUVAMA.NS,2025-04-04,2025-13,2025-04,-365.279296875,down
2025-04-07,5279.3876953125,5410.09596581486,4690.879794557786,4690.879794557786,212908,NUVAMA.NS,2025-04-07,2025-14,2025-04,-322.28759765625,down
2025-04-08,5336.24755859375,5547.192956833661,5294.493892621091,5497.762718498136,58075,NUVAMA.NS,2025-04-08,2025-14,2025-04,56.85986328125,up
2025-04-09,5334.11767578125,5384.736815587538,5219.655434291767,5349.174805745702,34848,NUVAMA.NS,2025-04-09,2025-14,2025-04,-2.1298828125,down
2025-04-11,5462.2998046875,5614.652025018502,5323.023053977644,5514.058020690891,73751,NUVAMA.NS,2025-04-11,2025-14,2025-04,128.18212890625,up
2025-04-15,5651.79931640625,5755.315752926179,5587.411102302945,5655.266374088736,50155,NUVAMA.NS,2025-04-15,2025-15,2025-04,189.49951171875,up
2025-04-16,5823.1708984375,5975.721433158837,5631.4921421480285,5703.309764013593,143797,NUVAMA.NS,2025-04-16,2025-15,2025-04,171.37158203125,up
2025-04-17,5909.84716796875,5943.527155181445,5795.929564161106,5836.543666388179,43108,NUVAMA.NS,2025-04-17,2025-15,2025-04,86.67626953125,up
2025-04-21,5971.263671875,6072.303634471425,5795.929619134145,5942.53662368582,66804,NUVAMA.NS,2025-04-21,2025-16,2025-04,61.41650390625,up
2025-04-22,6027.7275390625,6153.532205859697,5902.418166229073,6002.9628408740755,67991,NUVAMA.NS,2025-04-22,2025-16,2025-04,56.4638671875,up
2025-04-23,6112.42236328125,6130.748238610754,5943.527133893121,6102.021190796937,49329,NUVAMA.NS,2025-04-23,2025-16,2025-04,84.69482421875,up
2025-04-24,6070.81787109375,6127.776674648925,6046.053173895848,6112.422562386226,30903,NUVAMA.NS,2025-04-24,2025-16,2025-04,-41.6044921875,down
2025-04-25,6209.0048828125,6290.728383583405,6054.47317226388,6072.799048194325,321796,NUVAMA.NS,2025-04-25,2025-16,2025-04,138.18701171875,up
2025-04-28,6197.11767578125,6360.564673304253,6151.550634047564,6209.004730146559,64851,NUVAMA.NS,2025-04-28,2025-17,2025-04,-11.88720703125,down
2025-04-29,6156.9990234375,6230.302527215857,6116.880213937183,6183.2496024932625,57932,NUVAMA.NS,2025-04-29,2025-17,2025-04,-40.11865234375,down
2025-04-30,6037.1376953125,6170.371762097228,5921.2389160276425,6064.8741553122945,72426,NUVAMA.NS,2025-04-30,2025-17,2025-04,-119.861328125,down
2025-05-02,5999.00048828125,6131.243976587978,5938.574624710385,5966.8063806410355,38019,NUVAMA.NS,2025-05-02,2025-17,2025-05,-38.13720703125,down
2025-05-05,5837.0390625,5893.5025714626645,5597.81209031608,5856.35552609249,122550,NUVAMA.NS,2025-05-05,2025-18,2025-05,-161.96142578125,down
2025-05-06,5674.58251953125,5921.238895085633,5646.350765702737,5858.831860306813,47059,NUVAMA.NS,2025-05-06,2025-18,2025-05,-162.45654296875,down
2025-05-07,5905.884765625,5935.60240114475,5616.633113232766,5652.294275856466,61276,NUVAMA.NS,2025-05-07,2025-18,2025-05,231.30224609375,up
2025-05-08,5818.71337890625,6003.953317935101,5790.976917447385,5935.10745824256,48028,NUVAMA.NS,2025-05-08,2025-18,2025-05,-87.17138671875,down
2025-05-09,5877.15771484375,5982.655320882998,5669.134266315655,5701.82366537007,64817,NUVAMA.NS,2025-05-09,2025-18,2025-05,58.4443359375,up
2025-05-12,6028.7177734375,6092.1153970819305,5945.508392404186,5991.07543439862,57056,NUVAMA.NS,2025-05-12,2025-19,2025-05,151.56005859375,up
2025-05-13,6206.5283203125,6293.700053165026,5999.000160851089,6062.3977847438355,55542,NUVAMA.NS,2025-05-13,2025-19,2025-05,177.810546875,up
2025-05-14,6684.4873046875,6735.997876685685,6211.97686539646,6267.945083048334,245227,NUVAMA.NS,2025-05-14,2025-19,2025-05,477.958984375,up
2025-05-15,6667.15185546875,6735.007126562964,6587.409529584308,6683.496555805313,43824,NUVAMA.NS,2025-05-15,2025-19,2025-05,-17.33544921875,down
2025-05-16,6643.873046875,6699.34596928815,6588.895418411967,6667.151862530518,31820,NUVAMA.NS,2025-05-16,2025-19,2025-05,-23.27880859375,down
2025-05-19,6753.828125,6775.621058228219,6374.928263191186,6643.872870984893,96889,NUVAMA.NS,2025-05-19,2025-20,2025-05,109.955078125,up
2025-05-20,6753.3330078125,6874.6800255546395,6714.204785765035,6829.608276107559,152777,NUVAMA.NS,2025-05-20,2025-20,2025-05,-0.4951171875,down
2025-05-21,6830.103515625,6844.9623340056205,6672.6000407904285,6756.800011613942,36505,NUVAMA.NS,2025-05-21,2025-20,2025-05,76.7705078125,up
2025-05-22,6737.97900390625,6905.3883616922185,6599.296695681187,6821.188388841288,62162,NUVAMA.NS,2025-05-22,2025-20,2025-05,-92.12451171875,down
2025-05-23,6741.94140625,6810.291972960439,6644.8637897627095,6765.715516410152,46715,NUVAMA.NS,2025-05-23,2025-20,2025-05,3.96240234375,up
2025-05-26,6821.18798828125,6904.39736832999,6720.643320722355,6765.715068248756,56263,NUVAMA.NS,2025-05-26,2025-21,2025-05,79.24658203125,up
2025-05-27,6862.2978515625,6909.350778007713,6791.4708149133885,6821.188452668261,58395,NUVAMA.NS,2025-05-27,2025-21,2025-05,41.10986328125,up
2025-05-28,6858.33544921875,6927.67660346809,6839.018984820719,6899.44484780943,30716,NUVAMA.NS,2025-05-28,2025-21,2025-05,-3.96240234375,down
2025-05-29,6893.99658203125,7076.760052019721,6854.868359459192,6934.1153925165245,166040,NUVAMA.NS,2025-05-29,2025-21,2025-05,35.6611328125,up
2025-05-30,7126.78466796875,7241.197570762605,6893.996510769131,6906.874153507833,422174,NUVAMA.NS,2025-05-30,2025-21,2025-05,232.7880859375,up
2025-06-02,7262.0,7279.830582458055,7052.9859500750235,7176.314145409903,196819,NUVAMA.NS,2025-06-02,2025-22,2025-06,135.21533203125,up
2025-06-03,7248.0,7415.0,7190.5,7320.0,150645,NUVAMA.NS,2025-06-03,2025-22,2025-06,-14.0,down
2025-06-04,7322.5,7378.0,7161.5,7300.0,70370,NUVAMA.NS,2025-06-04,2025-22,2025-06,74.5,up
2025-06-05,7213.5,7381.0,7180.5,7381.0,87160,NUVAMA.NS,2025-06-05,2025-22,2025-06,-109.0,down
2025-06-06,7365.5,7378.0,7200.0,7282.0,113027,NUVAMA.NS,2025-06-06,2025-22,2025-06,152.0,up
2025-06-09,7599.0,7800.0,7377.5,7401.5,207904,NUVAMA.NS,2025-06-09,2025-23,2025-06,233.5,up
2025-06-10,7556.0,7750.0,7452.0,7615.5,86515,NUVAMA.NS,2025-06-10,2025-23,2025-06,-43.0,down
2025-06-11,7414.5,7688.5,7314.5,7660.0,145322,NUVAMA.NS,2025-06-11,2025-23,2025-06,-141.5,down
2025-06-12,7238.5,7425.0,7213.5,7414.0,66636,NUVAMA.NS,2025-06-12,2025-23,2025-06,-176.0,down
2025-06-13,7088.0,7168.0,6968.0,7099.0,104357,NUVAMA.NS,2025-06-13,2025-23,2025-06,-150.5,down
2025-06-16,7062.0,7139.5,6980.0,7113.0,79909,NUVAMA.NS,2025-06-16,2025-24,2025-06,-26.0,down
2025-06-17,7395.0,7420.0,7011.0,7062.0,226284,NUVAMA.NS,2025-06-17,2025-24,2025-06,333.0,up
2025-06-18,7272.0,7437.5,7249.0,7395.0,54857,NUVAMA.NS,2025-06-18,2025-24,2025-06,-123.0,down
2025-06-19,6966.0,7324.5,6938.0,7310.0,96365,NUVAMA.NS,2025-06-19,2025-24,2025-06,-306.0,down
2025-06-20,6882.5,7098.0,6828.0,6966.0,159706,NUVAMA.NS,2025-06-20,2025-24,2025-06,-83.5,down
2025-06-23,7060.5,7099.0,6805.5,6870.0,67632,NUVAMA.NS,2025-06-23,2025-25,2025-06,178.0,up
2025-06-24,7149.5,7194.0,7034.5,7085.5,65229,NUVAMA.NS,2025-06-24,2025-25,2025-06,89.0,up
2025-06-25,7504.5,7535.0,7169.5,7190.0,138421,NUVAMA.NS,2025-06-25,2025-25,2025-06,355.0,up
2025-06-26,7901.0,7945.0,7488.0,7500.0,357732,NUVAMA.NS,2025-06-26,2025-25,2025-06,396.5,up
2025-06-27,8287.5,8508.0,7825.0,7901.0,280355,NUVAMA.NS,2025-06-27,2025-25,2025-06,386.5,up
2025-06-30,8231.0,8508.5,8176.0,8376.5,160117,NUVAMA.NS,2025-06-30,2025-26,2025-06,-56.5,down
2025-07-01,8261.0,8299.0,8062.0,8200.0,115614,NUVAMA.NS,2025-07-01,2025-26,2025-07,30.0,up
2025-07-02,8070.0,8454.0,8032.5,8150.0,135591,NUVAMA.NS,2025-07-02,2025-26,2025-07,-191.0,down
2025-07-03,8175.5,8384.0,7935.0,8100.0,173553,NUVAMA.NS,2025-07-03,2025-26,2025-07,105.5,up
2025-07-04,7261.0,7940.0,7205.0,7940.0,818965,NUVAMA.NS,2025-07-04,2025-26,2025-07,-914.5,down
2025-07-07,7498.0,7580.0,7135.5,7251.0,618417,NUVAMA.NS,2025-07-07,2025-27,2025-07,237.0,up
2025-07-08,7467.0,7650.0,7362.0,7544.5,273698,NUVAMA.NS,2025-07-08,2025-27,2025-07,-31.0,down
2025-07-09,7310.0,7530.0,7281.0,7466.5,120867,NUVAMA.NS,2025-07-09,2025-27,2025-07,-157.0,down
2025-07-10,7372.5,7543.5,7331.0,7373.5,160790,NUVAMA.NS,2025-07-10,2025-27,2025-07,62.5,up
2025-07-11,7318.0,7436.5,7300.5,7372.5,69629,NUVAMA.NS,2025-07-11,2025-27,2025-07,-54.5,down
2025-07-14,7418.5,7505.5,7363.0,7422.5,146841,NUVAMA.NS,2025-07-14,2025-28,2025-07,100.5,up
2025-07-15,7531.5,7575.0,7360.0,7455.0,100311,NUVAMA.NS,2025-07-15,2025-28,2025-07,113.0,up
2025-07-16,7504.0,7715.0,7405.5,7529.0,150789,NUVAMA.NS,2025-07-16,2025-28,2025-07,-27.5,down
2025-07-17,7818.5,7895.0,7530.5,7538.0,439503,NUVAMA.NS,2025-07-17,2025-28,2025-07,314.5,up
2025-07-18,7728.5,7870.0,7690.0,7870.0,84241,NUVAMA.NS,2025-07-18,2025-28,2025-07,-90.0,down
2025-07-21,7628.5,7770.5,7486.5,7740.0,101694,NUVAMA.NS,2025-07-21,2025-29,2025-07,-100.0,down
2025-07-22,7779.5,7886.0,7701.5,7777.0,171844,NUVAMA.NS,2025-07-22,2025-29,2025-07,151.0,up
2025-07-23,7734.5,7810.0,7635.0,7810.0,68485,NUVAMA.NS,2025-07-23,2025-29,2025-07,-45.0,down
2025-07-24,7767.5,7850.0,7680.0,7850.0,84895,NUVAMA.NS,2025-07-24,2025-29,2025-07,33.0,up
2025-07-25,7346.5,7738.0,7316.0,7730.5,162152,NUVAMA.NS,2025-07-25,2025-29,2025-07,-421.0,down
2025-07-28,7234.5,7489.0,7205.0,7272.0,102128,NUVAMA.NS,2025-07-28,2025-30,2025-07,-112.0,down
2025-07-29,7210.0,7310.5,7136.0,7278.0,73577,NUVAMA.NS,2025-07-29,2025-30,2025-07,-24.5,down
2025-07-30,7412.5,7440.0,7200.5,7271.0,84624,NUVAMA.NS,2025-07-30,2025-30,2025-07,202.5,up
2025-07-31,7239.5,7381.0,7139.5,7375.0,177868,NUVAMA.NS,2025-07-31,2025-30,2025-07,-173.0,down
2025-08-01,6916.5,7239.5,6900.0,7220.0,167414,NUVAMA.NS,2025-08-01,2025-30,2025-08,-323.0,down
2025-08-04,6879.5,6936.0,6758.0,6904.5,128994,NUVAMA.NS,2025-08-04,2025-31,2025-08,-37.0,down
2025-08-05,6993.0,7178.0,6895.0,6939.5,200401,NUVAMA.NS,2025-08-05,2025-31,2025-08,113.5,up
2025-08-06,6961.0,7025.0,6850.0,7000.0,100383,NUVAMA.NS,2025-08-06,2025-31,2025-08,-32.0,down
2025-08-07,6946.5,7072.5,6845.0,6931.5,107412,NUVAMA.NS,2025-08-07,2025-31,2025-08,-14.5,down
2025-08-08,6770.0,6989.0,6743.0,6965.0,71723,NUVAMA.NS,2025-08-08,2025-31,2025-08,-176.5,down
2025-08-11,6839.0,6885.0,6771.5,6848.0,73654,NUVAMA.NS,2025-08-11,2025-32,2025-08,69.0,up
2025-08-12,6853.0,6967.0,6806.5,6845.5,85228,NUVAMA.NS,2025-08-12,2025-32,2025-08,14.0,up
2025-08-13,6930.0,7000.0,6720.0,6929.0,133141,NUVAMA.NS,2025-08-13,2025-32,2025-08,77.0,up
2025-08-14,6959.0,7143.5,6773.5,6980.0,321466,NUVAMA.NS,2025-08-14,2025-32,2025-08,29.0,up
2025-08-18,6881.0,7070.0,6776.5,7070.0,165077,NUVAMA.NS,2025-08-18,2025-33,2025-08,-78.0,down
